Date,Close,High,Low,Open,Volume,SMA,EMA,RSI,MACD,MACD_Signal,BB_Upper,BB_Middle,BB_Lower,ATR,Close_Lag_1,Close_Lag_2,Close_Lag_3,Close_Lag_5,Close_Lag_10
2024-05-08,48021.10156,48223.05078,47851.14844,48124.19922,286000,48400.07868285716,48441.76751772438,49.76705840395696,427.4186683916996,562.6091587773828,49659.29185368913,48386.127734000016,47112.9636143109,622.6858955329145,48285.35156,48895.30078,48923.55078,49396.75,47970.44922
2024-05-09,47487.89844,48258.64844,47440.64844,47976.35156,272900,48429.967912857166,48314.5849740278,44.02132197792786,312.2414711978636,512.535621261479,49659.103468414105,48331.437695000015,47003.771921585925,636.6369029948492,48021.10156,48285.35156,48895.30078,49231.05078,48189.0
2024-05-10,47421.10156,47868.69922,47313.35156,47555.5,218900,48419.03599285716,48195.45385215743,43.34616832720716,213.11609298390977,452.6517156059652,49636.88972430169,48265.96523400002,46895.040743698344,630.830528495217,47487.89844,48021.10156,48285.35156,48923.55078,48494.94922
2024-05-13,47754.10156,47841.60156,46983.25,47389.80078,220900,48406.8362157143,48136.606879869774,47.65617309245185,159.58918876518874,394.0392102378099,49550.73576908377,48204.34023400002,46857.94469891627,647.0820307455588,47421.10156,47487.89844,48021.10156,48895.30078,48201.05078
2024-05-14,47859.44922,47937.25,47607.85156,47748.85156,152000,48398.907644285726,48099.652525220474,48.978583674874066,124.23727726886136,340.0788236440202,49512.82951026387,48169.08515600001,46825.34080173614,624.3903456923043,47754.10156,47421.10156,47487.89844,48285.35156,49424.05078
2024-05-15,47687.44922,47957.19922,47534.5,47923.10156,188800,48363.08258857144,48044.69208452441,46.89543783086052,81.40330356355116,288.34371962792636,49514.10338893058,48164.79511700001,46815.486845069434,609.9838367142828,47859.44922,47754.10156,47421.10156,48021.10156,49396.75
2024-05-16,47977.05078,48052.89844,47340.35156,47945.85156,219900,48326.08984285716,48035.673243921156,50.69766512301809,70.0183682267525,244.6786493476916,49505.75895293677,48189.407617000004,46873.05628106324,617.3097683775478,47687.44922,47859.44922,47754.10156,47487.89844,49231.05078
2024-05-17,48115.64844,48188.64844,47758.80078,47842.94922,143800,48319.9896757143,48046.33660339833,52.45225590472886,71.35684056143509,210.0142875904403,49455.00329561902,48241.71757800001,47028.431860381,603.9196177791515,47977.05078,47687.44922,47859.44922,47421.10156,48923.55078
2024-05-21,48048.19922,48259.75,47927.10156,47927.10156,166800,48221.71456428572,48046.58495227856,51.491854890684166,66.21175329588732,181.2537807315297,49443.62856686483,48265.42011700001,47087.21166713519,584.5431050806404,48115.64844,47977.05078,47687.44922,47754.10156,48895.30078
2024-05-22,47781.94922,48114.05078,47435.25,48113.89844,204900,48106.37165142858,48011.30018797475,47.77332500940856,40.18683588503336,153.04039176223043,49446.3503578725,48258.272656,47070.1949541275,591.2757961463087,48048.19922,48115.64844,47977.05078,47859.44922,48285.35156
2024-05-23,48768.60156,48829.69922,47873.14844,47899.35156,184500,48073.339564285714,48112.273704244784,59.45759249739746,98.04628286074876,142.0415699819341,49498.46224241183,48298.180273000005,47097.89830358818,623.8810964215724,47781.94922,48048.19922,48115.64844,47687.44922,48021.10156
2024-05-24,48971.64844,49052.94922,48644.80078,48668.0,135000,48076.77511142857,48226.85700234548,61.37281412132497,158.45789376353787,145.32483473825485,49571.36262441093,48337.31269500001,47103.26276558908,608.4716209628889,48768.60156,47781.94922,48048.19922,47977.05078,47487.89844
2024-05-27,49281.80078,49688.85156,49051.25,49105.89844,226500,48104.382254285716,48367.51617269942,64.15806532678238,228.72463719149528,162.00479522890294,49676.70510598304,48376.65527300001,47076.60544001698,616.2381566083972,48971.64844,48768.60156,47781.94922,48115.64844,47421.10156
2024-05-28,49142.14844,49511.14844,49043.64844,49390.89844,155200,48165.582031428574,48470.80047500617,61.99058639735796,270.0300228721826,183.60984075755886,49762.47880305568,48423.71015600001,47084.941508944336,605.6140025649402,49281.80078,48971.64844,48768.60156,48048.19922,47754.10156
2024-05-29,48501.35156,49022.60156,48401.55078,48786.69922,183600,48199.885602857146,48474.87395300534,53.122341300619446,248.19682723315054,196.5272380526772,49636.486278655415,48377.575195000005,47118.664111344595,615.2556923817301,49142.14844,49281.80078,48971.64844,47781.94922,47859.44922
2024-05-30,48682.35156,49044.60156,48313.60156,48313.60156,151000,48285.20368285714,48502.537633937965,55.077226998266006,242.7013397412229,205.76205839038636,49521.08711413374,48341.85527300001,47162.623431866275,623.5231429258922,48501.35156,49142.14844,49281.80078,48768.60156,47687.44922
2024-05-31,48983.94922,49122.55078,48569.05078,48895.14844,303600,48396.83565857143,48566.725845412904,58.204856850522255,259.68900373198267,216.54744745870562,49475.929582601944,48329.500195,47183.07080739806,618.521489859757,48682.35156,48501.35156,49142.14844,48971.64844,47977.05078
2024-06-03,50979.94922,51133.19922,50092.64844,50889.85156,453200,48627.25334857142,48888.488962024516,72.06600268456815,429.2640794656909,259.0907738601027,50046.75790850363,48432.320116999996,46817.882325496365,727.8592405840601,48983.94922,48682.35156,48501.35156,49281.80078,48115.64844
2024-06-04,46928.60156,50667.05078,46077.85156,50667.05078,653100,48560.76422999999,48627.17064175458,41.779051752911926,234.04571772467898,254.08176263301795,50059.4109020949,48333.985155999995,46608.55940990509,1026.0191276851986,50979.94922,48983.94922,48682.35156,49142.14844,48048.19922
2024-06-05,49054.60156,49362.89844,46446.80078,47486.60156,546800,48658.417968571426,48684.16143085397,52.95297569009693,248.0251127398442,252.8704326543832,50125.89029967993,48372.44765599999,46619.00501232005,1161.024737136256,46928.60156,50979.94922,48983.94922,48501.35156,47781.94922
2024-06-06,49291.89844,49672.75,48906.75,49426.39844,250400,48752.33565857143,48765.19303207344,54.01385717830176,275.08079883161554,257.31250588982965,50225.62461142113,48435.987499999996,46646.35038857886,1132.8086844836662,49054.60156,46928.60156,50979.94922,48682.35156,48768.60156
2024-06-07,49803.19922,49943.19922,49080.44922,49316.94922,170300,48872.87499999999,48903.59385713031,56.300409728949255,333.9309763812198,272.6361999881077,50380.214684596845,48551.752538999994,46723.29039340314,1113.5187784491186,49291.89844,49054.60156,46928.60156,48983.94922,48971.64844
2024-06-10,49780.89844,50252.94922,49622.75,49808.14844,195800,48996.63922999999,49020.56780151294,56.16922571299606,374.45420453112456,292.99980089671106,50495.68679799746,48669.74238299999,46843.79796800252,1078.9959528456104,49803.19922,49291.89844,49054.60156,50979.94922,49281.80078
2024-06-11,49705.75,49970.30078,49530.44922,49751.19922,128500,49134.05357142857,49111.925427977876,55.69825322192703,395.94114072228695,313.58806886182623,50595.70289048217,48767.324805,46938.94671951782,1033.3427819280664,49780.89844,49803.19922,49291.89844,46928.60156,49142.14844
2024-06-12,49895.10156,50233.39844,49697.35156,49857.44922,211700,49214.517857142855,49216.34891224749,56.68380846069464,423.3684528866215,335.5441456667853,50710.58945700161,48869.107421999994,47027.62538699838,997.8216460760613,49705.75,49780.89844,49803.19922,49054.60156,48501.35156
2024-06-13,49846.69922,50186.44922,49799.64844,50179.0,125700,49277.02148428571,49300.39561994783,56.33878411238149,436.1712207317687,355.66956067978197,50781.593793563305,48977.069921999995,47172.546050436686,954.1772984992001,49895.10156,49705.75,49780.89844,49291.89844,48682.35156
2024-06-14,50002.0,50102.60156,49693.35156,49993.94922,155000,49328.464285714275,49393.94287062145,57.2381555968014,453.61993330865516,375.2596352055566,50874.25471088446,49078.317382999994,47282.38005511553,915.2539200349714,49846.69922,49895.10156,49705.75,49803.19922,48983.94922
2024-06-18,50440.89844,50562.14844,49900.19922,50194.35156,189200,49421.23214285714,49533.536946538596,59.760863806894285,497.13296050354984,399.6343002651553,51026.8741111968,49194.57988299999,47362.285654803185,897.1607271753302,50002.0,49846.69922,49895.10156,49780.89844,50979.94922
2024-06-19,51398.05078,51957.0,50441.75,50607.89844,435300,49628.13922999999,49782.138791000114,64.65761617823753,601.9130635137626,440.09005291487676,51350.36473273106,49362.072460999996,47373.78018926893,941.3707866628067,50440.89844,50002.0,49846.69922,49705.75,46928.60156
2024-06-20,51783.25,51842.19922,51281.5,51712.89844,235900,49849.631975714285,50048.95361886676,66.42822573649745,707.8744715871289,493.6469366493272,51675.49130905031,49562.1375,47448.783690949684,914.1799604726065,51398.05078,50440.89844,50002.0,49895.10156,49054.60156
2024-06-21,51661.44922,51934.35156,51224.94922,51927.30078,289400,50040.881975714285,50263.95303235119,65.31397624881181,773.1094217119899,549.5394336618597,51973.50896436794,49706.779882999996,47440.05080163205,899.5529875817061,51783.25,51398.05078,50440.89844,49846.69922,49291.89844
2024-06-24,51703.94922,51783.94922,51138.89844,51280.25,176600,50092.59626142857,50455.952524037704,65.53123588410948,818.7993749811867,603.3914219257251,52241.94854392054,49843.39492199999,47444.841300079446,881.3742584687276,51661.44922,51783.25,51398.05078,50002.0,49803.19922
2024-06-25,52606.0,52746.5,51747.64844,51759.44922,204000,50498.12472142857,50742.62552083268,69.84807890979596,917.2237666880465,666.1578908781894,52675.28983062992,50009.60488299999,47343.91993537007,892.8868671495327,51703.94922,51661.44922,51783.25,50440.89844,49780.89844
2024-06-26,52870.5,52988.30078,52373.69922,52653.19922,214300,50770.68889571429,51026.342118054985,70.99515052721168,1004.9839166955426,733.9230960416601,53103.481527687676,50196.02246099999,47288.56339431231,873.00934521028,52606.0,51703.94922,51661.44922,51398.05078,49705.75
2024-06-27,52811.30078,53180.75,52639.0,52980.30078,332900,51022.07477714286,51264.33660631432,70.35006832309728,1057.5666159128668,798.6518000159015,53421.68866250341,50411.51992199999,47401.351181496575,849.3479634095457,52870.5,52606.0,51703.94922,51783.25,49895.10156
2024-06-28,52342.25,53030.30078,52242.30078,52874.94922,244600,51203.435547142864,51408.05839213908,65.28821308887402,1049.2946899331291,848.780377999347,53606.94017293001,50594.514844,47582.08951506999,844.9659660231497,52811.30078,52870.5,52606.0,51661.44922,49846.69922
2024-07-01,52574.75,52656.14844,52166.05078,52351.14844,0,51402.996372857146,51563.6172731872,66.57214355263763,1049.4030705480618,888.90491650909,53809.05896680821,50774.054883,47739.050799191784,819.618229878639,52342.25,52811.30078,52870.5,51703.94922,50002.0
2024-07-02,52168.10156,52828.44922,51996.64844,52793.75,0,51578.87862714286,51644.215178095576,62.23615503825539,1005.0897829894093,912.1418898051538,53928.18824888774,50833.4625,47738.736751112265,820.4884120301651,52574.75,52342.25,52811.30078,52606.0,50440.89844
2024-07-03,53089.25,53256.69922,52482.64844,52872.30078,0,51807.03208714286,51836.88648768283,67.41372004284631,1032.399307517655,936.1933733476541,53818.4183848021,51141.494922,48464.5714591979,839.639072599439,52168.10156,52574.75,52342.25,52870.5,51398.05078
2024-07-04,53103.69922,53357.69922,52815.89844,53357.69922,163700,52039.67494428572,52005.794851991785,67.48901725860851,1043.1830687005495,957.5913124182332,53970.92366624156,51343.949805,48716.975943758436,818.3649088423366,53089.25,52168.10156,52574.75,52811.30078,51783.25
2024-07-05,52660.35156,52817.85156,52290.05078,52560.10156,199600,52229.557198571434,52093.069079726214,62.701536749472595,1004.3769934028096,966.9484486151484,54020.74377693844,51512.372461,49004.00114506156,818.0280182107415,53103.69922,53089.25,52168.10156,52342.25,51661.44922
2024-07-08,52425.80078,52710.80078,52246.69922,52533.10156,158000,52371.33593714286,52137.43330642938,60.26584508499045,943.81687795982,962.3221344840828,54053.01740602944,51643.502539,49233.987671970564,792.7475569099739,52660.35156,53103.69922,53089.25,52574.75,51703.94922
2024-07-09,52568.80078,52626.60156,52292.94922,52390.5,145100,52454.96093714286,52194.94896957213,61.25406612705867,897.02115357617,949.2619383025002,54064.43539640654,51782.897656,49501.359915593464,759.9550414164044,52425.80078,52660.35156,53103.69922,52168.10156,52606.0
2024-07-10,52189.30078,52528.80078,52075.39844,52528.80078,228000,52483.96456428572,52194.19587762918,57.18903993374861,819.861869189248,923.3819244798498,53984.05820865344,51907.075195000005,49830.09218134657,740.9155627438041,52568.80078,52425.80078,52660.35156,53089.25,52870.5
2024-07-11,52270.64844,52400.30078,51749.44922,52316.89844,138300,52527.47879428573,52204.38955261195,57.83498949281991,756.5555552201331,890.0166506279064,53889.7880873818,52025.85253900001,50161.916990618214,734.4824196906749,52189.30078,52568.80078,52425.80078,53103.69922,52811.30078
2024-07-12,52278.89844,52794.55078,52171.14844,52272.64844,171000,52568.5465957143,52214.32407093036,57.90435991275821,698.9929952133316,851.8119195449915,53721.681165281996,52147.46250000001,50573.24383471802,726.5481282841981,52270.64844,52189.30078,52568.80078,52660.35156,52342.25
2024-07-15,52455.89844,52662.25,52154.0,52330.05078,186100,52557.825055714304,52246.53398680631,59.44592071118281,660.0480493936047,813.4591455147141,53501.56836421914,52270.15742200001,51038.74647978088,710.9554048353268,52278.89844,52270.64844,52189.30078,52425.80078,52574.75
2024-07-16,52396.80078,52619.05078,52331.60156,52466.69922,158800,52523.98939714288,52266.569559232135,58.673336150256716,617.2993691144075,774.2271902346528,53269.11145526323,52367.95253900001,51466.7936227368,680.7049630613745,52455.89844,52278.89844,52270.64844,52568.80078,52168.10156
2024-07-18,52620.69922,52782.75,52168.64844,52215.05078,139400,52510.375000000015,52313.786847334515,60.754377252485014,594.6329069114508,738.3083335700123,53217.61079622116,52429.084961000015,51640.55912577887,675.9475771284194,52396.80078,52455.89844,52278.89844,52189.30078,53089.25
2024-07-19,52265.60156,52586.75,52146.30078,52531.55078,134100,52504.900111428586,52307.36214235658,55.94291759412816,541.7709604343618,699.0008589428822,53188.98183175329,52453.20253900002,51717.42324624675,661.5512101906754,52620.69922,52396.80078,52455.89844,52270.64844,53103.69922
2024-07-22,52280.39844,52427.0,51874.55078,52145.60156,175300,52483.875000000015,52303.76698204237,56.09893797238852,495.3612553547646,658.2729382252587,53130.78573514892,52484.15000000002,51837.514264851125,653.7582108913417,52265.60156,52620.69922,52396.80078,52278.89844,52660.35156
2024-07-23,51778.30078,52547.55078,51342.64844,52511.0,207800,52456.03208714288,52233.70482177005,49.67100592093128,413.30185820859333,609.2787222219256,53117.14054363316,52487.86757800003,51858.59461236689,693.1256486848173,52280.39844,52265.60156,52620.69922,52455.89844,52425.80078
2024-07-24,51317.0,51944.64844,50784.25,51657.64844,292200,52329.442801428595,52111.47751220071,44.613215403299506,307.5013924307277,548.923256263686,53230.11726096288,52423.41757800003,51616.71789503718,726.5022766359016,51778.30078,52280.39844,52265.60156,52396.80078,52568.80078
2024-07-25,50888.75,51006.10156,50559.89844,50762.30078,188400,52171.23214285717,51948.44717724062,40.491141542041014,186.94260707848298,476.5271264266454,53345.38611194136,52324.33007800003,51303.27404405869,728.6879397333374,51317.0,51778.30078,52280.39844,52620.69922,52189.30078
2024-07-26,51295.94922,51398.60156,50438.30078,50456.10156,215700,52073.77483285717,51861.44744960854,45.63474979485985,122.84044685004483,405.7897905113253,53336.5321070418,52248.56250000002,51160.592892958244,745.2317140380994,50888.75,51317.0,51778.30078,52265.60156,52270.64844
2024-07-29,51406.25,52340.25,51186.94922,51546.64844,513700,52000.94977714288,51800.7544563274,46.97180530091821,80.01698813147232,340.6352300353547,53348.52293960549,52201.762500000026,51055.00206039456,774.3795044639493,51295.94922,50888.75,51317.0,52280.39844,52278.89844
2024-07-30,51499.30078,51957.75,51260.05078,51383.89844,235200,51924.55692000002,51760.560632817076,48.13075370235791,52.9768249971894,283.10354902772167,53320.32111603356,52147.990039000026,50975.65896196649,768.902341287953,51406.25,51295.94922,50888.75,51778.30078,52455.89844
2024-07-31,51553.39844,51663.10156,51335.69922,51583.44922,219000,51879.13532428573,51732.93900710813,48.83093083157725,35.50327034785005,233.58349329174735,53317.75831664131,52117.25488300003,50916.75144935875,737.3666269102422,51499.30078,51406.25,51295.94922,51317.0,52396.80078
2024-08-01,51564.0,51877.14844,51456.19922,51672.60156,156400,51828.6604357143,51710.41380616038,48.9762911901708,22.25427624540316,191.31764988247852,53176.86557582617,52040.992383000026,50905.119190173886,714.7653835595103,51553.39844,51499.30078,51406.25,50888.75,52620.69922
2024-08-02,51350.14844,51608.69922,51087.85156,51172.25,163000,51762.32115000002,51662.37842400566,46.12956832282272,-5.438983478677983,151.96632321024723,53015.87891888343,51953.31484400003,50890.75076911663,700.9141175909738,51564.0,51553.39844,51499.30078,51295.94922,52265.60156
2024-08-05,50092.10156,50747.55078,49719.10156,50586.25,257800,51593.4785157143,51453.00817547157,33.71458376641209,-127.43101518867479,96.08685553046283,53111.73027607195,51824.90234400003,50538.074411928115,767.352172048761,51350.14844,51564.0,51553.39844,51406.25,52280.39844
2024-08-06,49748.30078,50688.80078,49659.05078,50436.89844,162800,51404.299944285725,51225.71385607536,31.24015640839659,-248.98231575704267,27.073021272961725,53231.96053181317,51691.02734400003,50150.09415618689,786.094874045278,50092.10156,51350.14844,51564.0,51499.30078,51778.30078
2024-08-07,50119.0,50292.44922,49782.19922,50286.19922,171000,51225.60714285716,51078.15200859864,36.63988992494557,-311.80596314527793,-40.70277561068622,53197.83672614946,51568.53730500003,49939.2378838506,768.812985899187,49748.30078,50092.10156,51350.14844,51553.39844,51317.0
2024-08-08,50156.69922,50440.75,49829.60156,50051.89844,124800,51074.97126142859,50955.29163678549,37.18018310957631,-354.4660800090496,-103.45543649035889,53180.05923718795,51466.907227000025,49753.755216812104,757.5512326206734,50119.0,49748.30078,50092.10156,51564.0,50888.75
2024-08-09,50484.5,50707.75,50386.44922,50612.10156,120200,50946.69280142859,50892.519418547425,41.82543245744643,-357.7003990332669,-154.3044289989405,53100.04322989197,51377.59980500002,49655.15638010807,742.8012002906252,50156.69922,50119.0,49748.30078,51350.14844,51295.94922
2024-08-12,50577.94922,50830.69922,50149.25,50412.60156,163500,50860.95340428572,50850.576725407765,43.116790986001746,-348.7034132085537,-193.18422584086312,52996.45945273338,51292.55234400002,49588.64523526665,738.418915984152,50484.5,50156.69922,50119.0,50092.10156,51406.25
2024-08-13,49831.85156,50559.25,49785.10156,50395.35156,148900,50754.871372857146,50714.7467033534,36.20638560981242,-397.19842667115154,-233.9870660069208,52890.65556674289,51161.35000000002,49432.04443325715,742.3066834138554,50577.94922,50484.5,50156.69922,49748.30078,51499.30078
2024-08-14,49727.30078,49959.25,49654.64844,49887.14844,137100,50671.910714285725,50583.087246906274,35.35135926966584,-439.00685070400505,-274.99102294633764,52767.20451098555,51027.875000000015,49288.545489014476,711.0420317414373,49831.85156,50577.94922,50484.5,50119.0,51553.39844
2024-08-16,50516.89844,50603.39844,49806.05078,50133.0,130700,50616.264230000015,50574.262072652105,45.767708567202064,-403.7719638841081,-300.7472111338917,52511.96435128147,50922.68496100002,49333.40557071857,722.8317194741918,49727.30078,49831.85156,50577.94922,50156.69922,51564.0
2024-08-19,50368.35156,50728.25,50283.55078,50683.55078,115300,50542.12862714287,50546.80733763183,44.32091290042256,-383.41478698665014,-317.2807263044434,52307.88513206134,50827.82246100002,49347.7597899387,702.9651123688926,50516.89844,49727.30078,49831.85156,50484.5,51350.14844
2024-08-20,50803.14844,51025.60156,50398.60156,50417.25,144200,50492.40346000001,50580.986151280915,49.366308130391346,-328.4113811896459,-319.5068572814839,52075.659322107116,50753.95996100002,49432.26059989293,699.6997471996859,50368.35156,50516.89844,49727.30078,50577.94922,50092.10156
2024-08-21,50685.55078,50772.44922,50333.35156,50666.64844,180800,50430.414341428586,50594.92810177679,48.09685488890749,-290.9559748109168,-313.7966807873705,51934.64805210702,50699.32246100002,49463.99686989302,683.2781138282793,50803.14844,50368.35156,50516.89844,49831.85156,49748.30078
2024-08-22,50985.69922,51080.0,50794.44922,50894.80078,133100,50389.10714285715,50647.03091753989,51.52328100240238,-234.35136804910871,-297.90761823971815,51893.14121863552,50682.75742200002,49472.37362536451,662.6474785548309,50685.55078,50803.14844,50368.35156,49727.30078,50119.0
2024-08-23,50933.44922,51117.85156,50856.69922,51040.05078,88500,50359.342912857144,50685.22002453457,50.89342071632375,-191.5004497251939,-276.6261845368133,51897.05328989893,50684.99238300002,49472.931476101105,633.969254372343,50985.69922,50685.55078,50803.14844,50516.89844,50156.69922
2024-08-26,51148.10156,51317.85156,51061.55078,51100.64844,100300,50434.77148428572,50746.93756259663,53.41306300159384,-138.62218802155985,-249.02538523376262,51876.39665638304,50677.60000000002,49478.803343617,616.14304620289,50933.44922,50985.69922,50685.55078,50368.35156,50484.5
2024-08-27,51278.75,51404.69922,50938.10156,51214.05078,111400,50544.08928571428,50817.845887583746,54.92889373456131,-85.19151269225404,-216.2586107254609,51855.72530006561,50671.22500000002,49486.72469993443,605.4612329026835,51148.10156,50933.44922,50985.69922,50803.14844,50577.94922
2024-08-28,51143.85156,51260.75,51033.69922,51208.94922,128100,50617.292968571426,50861.31331057258,53.010934410339814,-53.12015814431652,-183.63092020923202,51797.70373211118,50653.45253900001,49509.20134588885,579.7176291239202,51278.75,51148.10156,50933.44922,50685.55078,49831.85156
2024-08-29,51152.75,51368.94922,50984.39844,51103.75,143600,50688.43945285714,50900.17153582957,53.12719996562454,-26.67782351963251,-152.24030087131212,51726.8480602945,50633.420117000016,49539.992173705534,565.7771399007835,51143.85156,51278.75,51148.10156,50985.69922,49727.30078
2024-08-30,51351.0,51466.55078,51256.0,51437.44922,478600,50750.332310000005,50960.28199771896,55.753915877356896,10.157940913035418,-119.7606525144426,51683.39227929215,50622.770117000015,49562.14795470788,547.7788284792988,51152.75,51143.85156,51278.75,50933.44922,50516.89844
2024-09-02,51439.55078,51579.5,51295.80078,51579.5,150200,50811.87527857144,51024.1845020231,56.91530852664375,45.965990187476564,-86.61532397405875,51700.76234774464,50627.24023400001,49553.718120255384,528.9159993022062,51351.0,51152.75,51143.85156,51148.10156,50368.35156
2024-09-03,51689.10156,51750.10156,51240.05078,51479.75,127200,50944.53599285715,51112.84010975335,60.094306959535295,93.40408542885416,-50.61144209347617,51845.1503614733,50707.09023400002,49569.030106526734,527.5684836377633,51439.55078,51351.0,51152.75,51278.75,50803.14844
2024-09-04,51400.25,51503.55078,51259.89844,51364.64844,159700,51064.032365714294,51151.161428452906,55.03269789120975,106.46396055609512,-19.19636156356191,51876.025644402594,50789.687695000015,49703.349745597436,520.5423862350664,51689.10156,51439.55078,51351.0,51143.85156,50685.55078
2024-09-05,51473.05078,51636.75,51389.14844,51544.25,129600,51132.32896142858,51194.080008659184,56.03773325640916,121.29026157537737,8.900963064225945,51936.847611345474,50857.39023400001,49777.93285665455,501.04661293256186,51400.25,51689.10156,51439.55078,51152.75,50985.69922
2024-09-06,50576.85156,51380.05078,50447.30078,51200.39844,186000,51147.22181857144,51111.78288217129,43.22884682980796,60.03240850985458,19.12725215335167,51918.11404291003,50878.397851000016,49838.681659090005,538.5254262945217,51473.05078,51400.25,51689.10156,51351.0,50933.44922
2024-09-09,51117.80078,51192.75,50369.39844,50549.25,172400,51169.6969857143,51112.58526854845,50.57285220519425,54.506878404274175,26.20317740353617,51938.37738956718,50910.062890000016,49881.748390432855,558.8701501306275,50576.85156,51473.05078,51400.25,51439.55078,51148.10156
2024-09-10,51272.30078,51366.0,50958.25,51328.30078,119300,51211.60770000001,51133.88067007532,52.464247530447416,61.88138469301339,33.33881886143161,51972.784762231575,50944.780468000026,49916.77617376848,548.0758536927256,51117.80078,50576.85156,51473.05078,51689.10156,51278.75
2024-09-11,51010.0,51420.14844,50947.69922,51218.55078,145100,51213.343470000014,51117.36324739861,49.033672185346774,46.029652073731995,35.87698550389169,51895.89922040851,51003.68789000002,50111.47655959154,542.673951286102,51272.30078,51117.80078,50576.85156,51400.25,51143.85156
2024-09-12,51772.39844,51878.10156,51025.0,51271.0,127900,51273.26841428573,51204.70127307879,57.692977880584685,93.90375817458698,47.48234003803075,51845.244595493365,51105.942773000024,50366.640950506684,565.918780479952,51010.0,51272.30078,51117.80078,51473.05078,51152.75
2024-09-13,51938.05078,51994.10156,51643.94922,51952.55078,152000,51329.69335857145,51302.48120733495,59.31061503429609,143.5562643427911,66.69712489898282,51948.658699631625,51177.00039000002,50405.34208036842,550.5068918742412,51772.39844,51010.0,51272.30078,50576.85156,51351.0
2024-09-16,52153.14844,52208.69922,51921.44922,52038.69922,93800,51392.150390000024,51415.90350502363,61.375763853805076,197.98061938235332,92.95382379565692,52055.791983313364,51266.240234000026,50476.68848468669,531.7028281689383,51938.05078,51772.39844,51010.0,51117.80078,51439.55078
2024-09-17,52188.64844,52284.60156,52085.5,52249.05078,111400,51466.778738571455,51518.93616302047,61.72107241097744,241.19650302437367,122.60235964140027,52190.77685485604,51335.51523400003,50480.253613144014,507.9455947283,52153.14844,51938.05078,51772.39844,51272.30078,51689.10156
2024-09-18,52750.39844,52954.19922,52154.55078,52177.10156,205100,51580.896484285746,51683.13113328441,66.78190095670105,317.11838903422176,161.5055655199646,52441.11714359318,51438.757617000025,50436.39809040687,528.7815122477075,52188.64844,52153.14844,51938.05078,51010.0,51400.25
2024-09-19,53037.60156,53353.30078,52847.89844,52929.25,164900,51701.368024285744,51863.72719017982,69.03588718836383,395.8982535828618,208.38410313254403,52738.36133756785,51541.35273400003,50344.34413043221,534.075857087157,52750.39844,52188.64844,52153.14844,51772.39844,51473.05078
2024-09-20,53793.19922,54066.10156,53037.60156,53235.80078,271900,51869.48577000002,52120.99012748918,74.02880628468618,513.3843054818499,269.3841436024052,53198.04465667555,51684.340234000025,50170.6358113245,569.3918672952173,53037.60156,52750.39844,52188.64844,51938.05078,50576.85156
2024-09-23,54105.80078,54197.94922,53741.39844,53917.89844,163700,52042.10714285717,52385.631547823956,75.7695789886708,624.5181252262701,340.41093992717816,53654.03887497218,51832.22519500003,50010.411515027874,561.3317896312735,53793.19922,53037.60156,52750.39844,52153.14844,51117.80078
2024-09-24,53968.60156,54247.69922,53904.64844,54110.64844,192600,52225.56082571431,52596.6942161141,73.44285487009601,693.5270989265846,411.03417172705946,53991.12037788801,51966.717773000026,49942.31516811204,545.7402889433258,54105.80078,53793.19922,53037.60156,52188.64844,51272.30078
2024-09-25,54101.64844,54141.30078,53792.85156,53794.0,184600,52413.317801428595,52797.35477929888,74.26805698844954,750.30394226528,478.8881258347036,54302.50256706527,52114.60761700003,49926.71266693479,531.6480697330879,53968.60156,54105.80078,53793.19922,52750.39844,51010.0
2024-09-26,54375.35156,54467.35156,54010.89844,54045.85156,170500,52684.63923000002,53007.75435005903,75.92534774007623,808.0706189293269,544.7246244536283,54625.2464360906,52275.73769500003,49926.22895390946,526.2770018950106,54101.64844,53968.60156,54105.80078,53037.60156,51772.39844
2024-09-27,53834.30078,54338.69922,53763.19922,54338.69922,217400,52878.67494428573,53117.96054071783,66.77045195994064,800.9598832224801,595.9716762073987,54802.67598878253,52399.90273400003,49997.12947921753,532.4109546167956,54375.35156,54101.64844,53968.60156,53793.19922,51938.05078
2024-09-30,52978.10156,53726.39844,52926.55078,53556.94922,179300,53000.51785714288,53099.31267662212,55.38869665234933,717.9602535578815,620.3693916774953,54850.02548836627,52476.830273000036,50103.6350576338,559.2208864298816,53834.30078,54375.35156,54101.64844,54105.80078,52153.14844
2024-10-01,52922.60156,53235.25,52817.80078,52844.0,240200,53137.13225428573,53075.751194405835,54.737350963351886,640.3228200194353,624.3600773458833,54890.6275935322,52538.50527300003,50186.382952467866,549.0943388277474,52978.10156,53834.30078,54375.35156,53968.60156,52188.64844
2024-10-03,51845.19922,52582.94922,51683.39844,52314.44922,272300,53142.33231000001,52911.677597818394,43.93595109462684,486.25201938367536,596.7384657534417,54877.541299230244,52560.75273400004,50243.96416876983,598.3878231971945,52922.60156,52978.10156,53834.30078,54101.64844,52750.39844
2024-10-04,51462.05078,52358.35156,51347.25,51643.75,255800,53108.33231000001,52718.39402210928,40.84885606932054,329.4353966703711,543.2778519368276,54878.02889973864,52560.202734000035,50242.37656826143,627.8673758259665,51845.19922,52922.60156,52978.10156,54375.35156,53037.60156
2024-10-07,50478.89844,51784.80078,50194.30078,51543.19922,328700,52988.74302428572,52419.79461116137,34.20707770801215,124.3910138987485,459.50048432921176,54890.22506022774,52555.30507800004,50220.38509577234,696.6268489812546,51462.05078,51845.19922,52922.60156,53834.30078,53793.19922
2024-10-08,51021.0,51176.05078,50466.0,50736.10156,153200,52905.33956428572,52233.28866300652,40.00003102709561,5.570712936380005,368.7145300506454,54897.653210540644,52550.46503900003,50203.27686745942,697.5857011968791,50478.89844,51462.05078,51845.19922,52978.10156,54105.80078
2024-10-09,51007.0,51707.14844,50903.75,51161.75,310000,52780.81110428572,52069.783507938984,39.90231832052605,-88.70240847786044,277.23114234494426,54915.91910033774,52537.200000000026,50158.48089966231,705.1437539685304,51021.0,50478.89844,51462.05078,52922.60156,53968.60156
2024-10-10,51530.89844,51659.44922,51047.0,51195.69922,123700,52673.18945285715,51997.93216554712,45.28841070624777,-119.75979433256725,197.83295500944195,54885.23798925875,52563.24492200002,50241.25185474129,701.3798586850642,51007.0,51021.0,50478.89844,51845.19922,54101.64844
2024-10-11,51172.30078,51560.0,51005.85156,51491.89844,109400,52485.98242142859,51887.847980807506,42.481910075915444,-171.33380120639777,123.999603766274,54910.193577038975,52533.24003900002,50156.28650096106,690.8633287789879,51530.89844,51007.0,51021.0,51462.05078,54375.35156
2024-10-14,51816.89844,51893.0,51220.85156,51263.25,126600,52322.489397142876,51878.38804203317,48.642824180114125,-158.36736874337657,67.52620926434389,54910.78061582097,52527.18242200002,50143.58422817907,692.9944638662033,51172.30078,51530.89844,51007.0,50478.89844,53834.30078
2024-10-15,51906.0,52022.05078,51698.75,51975.94922,101400,52175.16071428573,51882.06963642875,49.448857400168684,-139.2959098194333,26.16178544758845,54908.59248294634,52514.825000000026,50121.05751705371,666.5877721614744,51816.89844,51172.30078,51530.89844,51021.0,52978.10156
2024-10-16,51801.05078,52031.60156,51711.19922,51711.19922,94400,52010.83231000002,51871.26712223825,48.48363896698791,-131.1384833711054,-5.29826831615032,54905.680985275474,52495.445117000025,50085.209248724575,641.8602412927977,51906.0,51816.89844,51172.30078,51007.0,52922.60156
2024-10-17,51288.80078,51930.19922,51150.25,51849.30078,107800,51790.36439714288,51793.604943273145,43.97201260774371,-164.11612950565177,-37.06184055405061,54885.30496841203,52422.365234000026,49959.425499588026,651.7237397718837,51801.05078,51906.0,51816.89844,51530.89844,51845.19922
2024-10-18,52094.19922,52199.44922,51000.89844,51261.0,139100,51666.07142857144,51833.68418017006,51.59828278627412,-123.83473876199423,-54.41642019563933,54825.29868517376,52375.195117000025,49925.09154882629,690.7828140738924,51288.80078,51801.05078,51906.0,51172.30078,51462.05078
2024-10-21,51962.69922,52577.5,51855.14844,52361.10156,145700,51593.54269000002,51850.88618548072,50.39221893934032,-101.35405098549381,-63.80394635361023,54650.39435908264,52283.67011700002,49916.94587491741,693.037724497186,52094.19922,51288.80078,51801.05078,51816.89844,50478.89844
2024-10-22,51257.14844,52257.30078,51179.60156,52071.35156,203900,51474.58175285716,51771.72115274995,44.39613844071523,-138.8691977020717,-78.81699662330251,54392.22678397726,52141.237500000025,49890.24821602279,720.5135456045294,51962.69922,52094.19922,51288.80078,51906.0,51021.0
2024-10-23,51239.0,51551.55078,51107.89844,51117.80078,208100,51431.281808571446,51700.69166571663,44.25028531029883,-168.12659051190712,-96.67891540102343,54123.105865845675,52004.757422000024,49886.40897815437,700.7377452042059,51257.14844,51962.69922,52094.19922,51801.05078,51007.0
2024-10-24,51531.14844,51781.55078,51201.85156,51272.30078,171800,51436.2173557143,51678.08590228775,47.25432958711958,-165.82778806363785,-110.50868993354632,53770.116297092594,51876.23242200002,49982.34854690745,692.0921362610479,51239.0,51257.14844,51962.69922,51288.80078,51530.89844
2024-10-25,50787.44922,51501.05078,50382.10156,51369.75,271700,51458.25669714287,51559.33434464938,41.17231564109012,-221.4633901561465,-132.69962997806635,53260.81818062763,51696.83730500002,50132.85642937241,724.7317608138299,51531.14844,51239.0,51257.14844,52094.19922,51172.30078
2024-10-28,51259.30078,51589.14844,51012.55078,51061.35156,447600,51475.27818142859,51519.329869362795,45.92757697378853,-224.88815749179776,-151.13733548081262,52794.57315900627,51568.08730500002,50341.601450993774,730.2294364699845,50787.44922,51531.14844,51239.0,51962.69922,51816.89844
2024-10-29,52320.69922,52354.85156,51278.89844,51404.10156,374600,51569.11384000001,51626.17911611442,54.782024747443856,-140.33859073206986,-148.97758653106408,52637.760915373525,51535.217188000024,50432.67346062652,756.3238181507003,51259.30078,50787.44922,51531.14844,51257.14844,51906.0
2024-10-30,51807.5,52220.0,51733.0,51988.69922,247700,51588.87109428573,51650.355233965834,50.477952011192905,-113.43572160998883,-141.86921354684904,52392.16614893554,51479.46211000002,50566.758071064505,744.279203997079,52320.69922,51259.30078,50787.44922,51239.0,51801.05078
2024-10-31,51475.35156,52005.60156,51318.10156,51649.44922,319900,51610.51757857144,51627.02141077039,47.85723551197395,-117.56143222248647,-137.00765728197652,52358.13829664987,51460.969727000025,50563.80115735018,740.2235465687162,51807.5,52320.69922,51259.30078,51531.14844,51288.80078
2024-11-01,51673.89844,51825.5,51459.39844,51550.14844,51400,51600.30329285715,51633.271681334336,49.54359497441235,-103.6155976058144,-130.3292453467441,52373.52116765691,51471.56211000002,50569.60305234313,713.5005475280939,51475.35156,51807.5,52320.69922,50787.44922,52094.19922
2024-11-04,51215.25,51764.5,51066.80078,51764.5,320500,51550.964007142866,51577.535457156424,45.854344610127164,-128.0959093151905,-129.8825781404334,52298.42459348845,51508.37968800002,50718.33478251159,712.3718812760873,51673.89844,51475.35156,51807.5,51259.30078,51962.69922
2024-11-05,52207.25,52289.55078,50865.44922,51052.60156,245000,51579.97823714286,51661.497396202234,53.85760865291027,-66.68195513518003,-117.24245353938272,52380.265392460045,51567.69218800002,50755.11898354,763.2097154706522,51215.25,51673.89844,51475.35156,52320.69922,51257.14844
2024-11-06,52317.39844,52493.94922,52185.39844,52440.39844,219100,51653.449498571434,51748.950868708605,54.659002425790796,-9.018930804581032,-95.59774899242238,52465.46238414367,51633.21211000002,50800.961835856375,730.7340772227489,52207.25,51215.25,51673.89844,51807.5,51239.0
2024-11-07,51916.5,52377.25,51752.25,52258.94922,160500,51640.75669714286,51771.29075288079,51.17525561037398,4.280929862470657,-75.62201322144378,52492.20072165532,51652.49218800002,50812.78365434472,723.1816431354097,52317.39844,52207.25,51215.25,51475.35156,51531.14844
2024-11-08,51561.19922,52007.14844,51494.0,51869.14844,157200,51612.07812571429,51743.27854849669,48.24068332009458,-13.690819072027807,-63.23577439156058,52483.81648839729,51671.93711000001,50860.057731602734,708.1792714828802,51916.5,52317.39844,52207.25,51673.89844,50787.44922
2024-11-11,51876.75,52177.69922,51294.19922,51562.69922,160700,51656.335380000004,51761.07474203046,50.93185974888767,-2.443086424456851,-51.077236798139836,52489.36152033255,51674.92968800002,50860.49785566748,720.7021806626744,51561.19922,51916.5,52317.39844,51215.25,51259.30078
2024-11-12,51157.80078,52169.05078,51006.85156,52053.75,131400,51650.53543571429,51680.63821375973,45.169356517354906,-50.95499336524517,-51.0527881115609,52474.482660747366,51637.51972700002,50800.556793252676,752.237683472483,51876.75,51561.19922,51916.5,52207.25,52320.69922
2024-11-13,50088.35156,51353.5,49904.39844,51030.94922,207100,51547.47851571429,51468.33332659177,38.23874018647699,-173.69440246854356,-75.58111098295743,52622.3096756298,51551.88476600002,50481.45985637024,802.0136746530201,51157.80078,51876.75,51561.19922,52317.39844,51807.5
2024-11-14,50179.55078,50561.80078,49939.35156,50053.44922,133900,51504.05719857144,51296.49565371287,39.09692887569412,-260.60318233615544,-112.58552525359704,52719.664927379876,51496.422266000016,50273.179604620156,789.187642177804,50088.35156,51157.80078,51876.75,51916.5,51475.35156
2024-11-18,50363.80078,50445.80078,50074.0,50312.44922,161500,51440.09291285715,51172.13633721782,40.884123419147976,-311.02626420011075,-152.2736730428998,52695.00103661889,51409.90234400002,50124.803651381146,759.3742948793894,50179.55078,50088.35156,51157.80078,51561.19922,51673.89844
2024-11-19,50626.5,50983.5,50440.85156,50580.55078,185800,51319.07868285716,51099.38482558877,43.432904230702576,-326.03100578355225,-187.02513959103027,52645.110560871726,51343.092383000025,50041.07420512832,749.3975038165761,50363.80078,50179.55078,50088.35156,51876.75,51215.25
2024-11-21,50372.89844,50652.14844,49787.10156,50625.0,254600,51216.60714285716,51002.51997417693,41.56960718014957,-354.3017282687724,-220.4804573265787,52667.897903342026,51298.87988300002,49929.86186265802,757.6581735439631,50626.5,50363.80078,50179.55078,51157.80078,52207.25
2024-11-22,51135.39844,51271.5,50508.25,50512.80078,183400,51192.32477714288,51020.23710295334,48.696249344830775,-311.58731735812034,-238.70182933288703,52664.36793534826,51293.699805000026,49923.03167465179,767.7255582908231,50372.89844,50626.5,50363.80078,50088.35156,52317.39844
2024-11-25,52207.5,52331.10156,51774.05078,52046.35156,458500,51230.43917428573,51178.53882255956,56.69411070665761,-189.0469870166271,-228.77086086963504,52752.258200710305,51327.51738300002,49902.776565289736,798.2953841271932,51135.39844,50372.89844,50626.5,50179.55078,51916.5
2024-11-26,52191.5,52555.5,51999.75,52554.89844,113100,51300.17131714288,51313.600312884955,56.55241891910659,-92.16157735287561,-201.44900416628315,52847.24787277534,51397.719922000026,49948.19197122471,780.9707138323937,52207.5,51135.39844,50372.89844,50363.80078,51561.19922
2024-11-27,52301.80078,52444.35156,52019.64844,52154.30078,151600,51306.92494428573,51445.36037516696,57.343883223864644,-6.405008102323336,-162.4402049534912,52949.812816778336,51449.844922000026,49949.877027221715,755.5230285586516,52191.5,52207.5,51135.39844,50626.5,51876.75
2024-11-28,51906.85156,52760.19922,51782.89844,52389.94922,172000,51277.600167142875,51506.892533144695,53.58016471248646,29.350258041005873,-124.08211235459177,52891.439979373914,51429.152539000024,49966.865098626135,771.3642965187482,52301.80078,52191.5,52207.5,50372.89844,51157.80078
2024-11-29,52055.60156,52170.89844,51759.44922,51984.14844,139600,51287.53599285716,51580.0537367254,54.78387986413787,68.89526418702735,-85.48663704626794,52920.58680175829,51441.55761700003,49962.528432241765,745.6560767674088,51906.85156,52301.80078,52191.5,51135.39844,50088.35156
2024-12-02,52109.0,52197.25,51693.94922,52087.64844,102500,51326.66462000002,51650.57990516201,55.232664169196866,103.35239225941041,-47.71883118513227,52980.681476244536,51473.240039000026,49965.798601755516,728.3449841411651,52055.60156,51906.85156,52301.80078,52207.5,50179.55078
2024-12-03,52695.75,52780.89844,52216.85156,52357.94922,173600,51385.16462000002,51789.93591780708,59.93795713993764,175.97718043852365,-2.9796288604010783,53122.0782922526,51524.33261700002,49926.586941747446,724.3130881310817,52109.0,52055.60156,51906.85156,52191.5,50363.80078
2024-12-04,53266.89844,53387.10156,52685.14844,52775.0,228600,51535.814452857165,51986.86425409947,63.913947943505335,276.4332042205788,52.902937755794895,53387.2841327531,51626.91503900003,49866.54594524696,722.7159475502906,52695.75,52109.0,52055.60156,52301.80078,50626.5
2024-12-05,53603.55078,53888.30078,52850.35156,53354.44922,155600,51786.90011142859,52202.42245755287,66.05258142296309,378.8432875344879,118.0910077115335,53644.411475119705,51696.73007800003,49749.048680880354,745.2326098681267,53266.89844,52695.75,52109.0,51906.85156,50372.89844
2024-12-06,53509.5,53868.5,53160.64844,53634.19922,209400,52024.753627142876,52376.69946321249,64.89546571046031,447.2591790478473,183.92464197879627,53844.26065234704,51756.33515600003,49668.40965965302,742.5625348775465,53603.55078,53266.89844,52695.75,52055.60156,51135.39844
2024-12-09,53407.75,53775.10156,53326.39844,53380.75,121800,52242.17857142859,52514.17286811749,63.59743989774952,487.64759343525657,244.66923227008834,54039.40354338582,51830.89765600003,49622.39176861424,721.5725766720078,53509.5,53603.55078,53266.89844,52109.0,52207.5
2024-12-10,53577.69922,53624.05078,53302.64844,53450.05078,121800,52452.9785157143,52655.976381701825,64.86165147422523,527.2909032437965,301.19356646483,54262.50604868982,51931.72265600003,49600.93926331023,692.988988338293,53407.75,53509.5,53603.55078,52695.75,52191.5
2024-12-11,53391.35156,53648.05078,53302.14844,53459.30078,101600,52668.58231000001,52754.02640547491,62.30653395803477,537.4761229143769,348.45007775473937,54423.04995905226,52007.45273400003,49591.855508947796,668.1970848855578,53577.69922,53407.75,53509.5,53266.89844,52301.80078
2024-12-12,53216.44922,53537.44922,53174.39844,53201.0,99500,52817.22879428572,52815.68278074492,59.92061599998079,525.3785884350364,383.8357798907988,54547.73667593597,52110.38515600002,49673.033636064065,646.4009202508754,53391.35156,53577.69922,53407.75,53603.55078,51906.85156
2024-12-13,53583.80078,53654.0,52264.55078,53109.80078,139900,52915.53599285715,52918.09851397893,63.11537591696125,539.2176406983999,414.912152052319,54616.4592977731,52285.157617000026,49953.85593622695,699.4757988043845,53216.44922,53391.35156,53577.69922,53509.5,52055.60156
2024-12-16,53581.35156,53738.89844,53335.0,53502.5,85800,53014.81110428572,53006.53225344841,63.079273650706256,543.7198932614556,440.67370029414633,54638.94927446351,52455.24765600002,50271.54603753653,678.3631303183568,53583.80078,53216.44922,53391.35156,53407.75,52109.0
2024-12-17,52834.80078,53515.69922,52709.39844,53394.10156,116200,53052.88253285715,52983.63472365528,53.10751977124604,481.4971526397858,448.8383907632742,54543.86163873435,52578.797656000024,50613.7336732657,692.1909867241887,53581.35156,53583.80078,53216.44922,53577.69922,52695.75
2024-12-18,52139.55078,52827.60156,52010.64844,52696.94922,149500,53069.5039057143,52871.09019783458,45.83986160508237,371.798456681041,433.4304039468276,54419.35176894187,52654.45019500002,50889.548621058166,701.616797672461,52834.80078,53581.35156,53583.80078,53391.35156,53266.89844
2024-12-19,51575.69922,51789.85156,51263.75,51428.44922,145900,53035.22516714287,52698.37140078997,40.94593212535931,236.6355538452044,394.07143392650295,54228.54377344727,52714.59023400002,51200.63669455276,714.0585106958564,52139.55078,52834.80078,53581.35156,53216.44922,53603.55078
2024-12-20,50759.19922,51629.0,50609.35156,51401.35156,228200,52938.810825714296,52439.815110017975,35.10180165272517,62.908088046817284,327.8387647505658,54294.71164118157,52695.78027300001,51096.84890481845,735.8863627890094,51575.69922,52139.55078,52834.80078,53583.80078,53509.5
2024-12-23,51317.60156,51417.35156,51030.39844,51044.39844,110800,52840.37165142858,52290.18663668224,41.274969890087334,-29.375159607727255,256.3959798789072,54348.59325347743,52651.28535100001,50953.97744852259,730.3339325897944,50759.19922,51575.69922,52139.55078,53581.35156,53407.75
2024-12-24,51233.0,51382.10156,51137.5,51314.94922,112000,52695.093191428576,52149.22841845795,40.64417293519446,-108.09093210507126,183.4985974821115,54401.05138309773,52603.36035100002,50805.669318902306,695.638763119095,51317.60156,50759.19922,51575.69922,52834.80078,53577.69922
2024-12-26,51170.69922,51740.0,50951.80078,51395.80078,100,52521.31808,52018.75785866356,40.15746446657679,-173.5008909322787,112.09869979923346,54447.12500603969,52546.80527300001,50646.48553996033,702.250224324874,51233.0,51317.60156,50759.19922,52139.55078,53391.35156
2024-12-27,51311.30078,51628.44922,51240.10156,51268.19922,78200,52364.303850000004,51924.430248175086,41.84986320051566,-211.55471268085967,47.36801730321483,54474.335681143246,52517.02773400002,50559.71978685679,684.785922587383,51170.69922,51233.0,51317.60156,51575.69922,53216.44922
2024-12-30,50952.75,51979.75,50718.35156,51255.35156,316300,52188.94670714286,51794.87288175174,38.83375248657096,-267.5604219974921,-15.617670556926562,54527.24268614472,52461.88515600001,50396.527625855306,725.9725309739982,51311.30078,51170.69922,51233.0,50759.19922,53583.80078
2024-12-31,50860.19922,50945.55078,50599.80078,50648.19922,105300,51994.839564285714,51670.24972685151,38.07103790634429,-315.7733855703773,-75.64881355961671,54576.20433067003,52399.44511700001,50222.68590332999,699.32800876157,50952.75,51311.30078,51170.69922,51317.60156,53581.35156
2025-01-02,51605.55078,51672.75,50992.80078,51084.94922,134400,51867.282365714294,51661.62320060464,47.08467241956294,-290.49027377625316,-118.61710560294401,54543.77340785738,52344.93515600001,50146.096904142636,707.4153495643149,50860.19922,50952.75,51311.30078,51233.0,52834.80078
2025-01-03,50988.80078,51671.60156,50904.35156,51567.14844,148200,51708.16462000001,51571.913544524024,41.67892964093772,-316.5705676836951,-158.20779801909424,54462.80293124493,52231.03027300001,49999.25761475509,711.6892531668638,51605.55078,50860.19922,50952.75,51170.69922,52139.55078
2025-01-06,49922.0,51026.10156,49751.0,50990.64844,184600,51446.60742142858,51351.92507192082,34.335790969588516,-418.4971215122205,-210.2656627177195,54399.57524697011,52046.952734000006,49694.3302210299,751.9329893692309,50988.80078,51605.55078,50860.19922,51311.30078,51575.69922
2025-01-07,50202.14844,50447.60156,49969.30078,50061.19922,103800,51205.235770000014,51198.621520998044,37.452284241031506,-471.2368864603486,-262.45990746624534,54264.503245379754,51881.58515600001,49498.66706662026,735.7664587000003,49922.0,50988.80078,51605.55078,50952.75,50759.19922
2025-01-08,49835.05078,50246.89844,49389.75,50201.75,131200,50990.96791285715,51016.81208886497,35.10135555167631,-536.4711380127628,-317.26215357554884,54136.565116827594,51702.95019500001,49269.33527317243,744.4366002214285,50202.14844,49922.0,50988.80078,50860.19922,51317.60156
2025-01-09,49503.5,49798.10156,49230.14844,49712.55078,136400,50802.67857142858,50815.037143682974,33.081591400957585,-607.915458425472,-375.3928145455335,53953.02711260427,51499.24023400001,49045.45335539575,734.4698673484694,49835.05078,50202.14844,49922.0,51605.55078,51233.0
2025-01-10,48734.14844,49483.14844,48631.19922,49426.5,142400,50599.71065857144,50537.58531652524,28.92272099683728,-718.3353158607788,-443.98131480858257,53838.79219670336,51266.38007800002,48693.96795929667,744.3149325378643,49503.5,49835.05078,50202.14844,50988.80078,51170.69922
2025-01-13,48041.25,48606.35156,47898.35156,48264.25,168800,50405.57142857144,50204.74060765521,25.779383911052093,-851.9343923601118,-525.5719303188885,53776.95507526573,51007.62011700002,48238.28515873431,750.8493573565878,48734.14844,49503.5,49835.05078,49922.0,51311.30078
2025-01-14,48729.14844,49007.35156,48235.19922,48266.89844,151900,50220.68192000002,50007.99498530118,33.50575067952832,-892.0222902173118,-598.8620022985731,53437.804425859424,50764.88750000002,48091.970574140614,766.2245146882603,48041.25,48734.14844,49503.5,50202.14844,50952.75
2025-01-15,48751.69922,49083.64844,48522.39844,48832.75,145100,50043.44615000002,49840.48888326102,33.74923086091969,-911.4657685929851,-661.3827555574555,53000.362881268105,50523.40488300002,48046.44688473193,751.5834779248132,48729.14844,48041.25,48734.14844,49835.05078,50860.19922
2025-01-16,49278.69922,49459.0,49038.44922,49082.89844,146700,49908.303292857156,49765.58359482622,39.33934122432354,-874.2723027210159,-703.9606649901676,52636.93360458144,50345.59980500001,48054.26600541858,748.4204280730407,48751.69922,48729.14844,48041.25,49503.5,51605.55078
2025-01-17,48540.60156,49047.19922,48309.5,48959.5,130600,49710.3962057143,49602.25265684939,34.897965966007874,-894.0484911948733,-741.9782302311088,52430.301972303336,50165.65234400001,47901.00271569668,764.1903417821094,49278.69922,48751.69922,48729.14844,48734.14844,50988.80078
2025-01-20,49350.80078,49650.60156,48683.60156,48834.14844,173100,49595.97126142859,49568.72573993614,42.56347839942399,-834.7227923502287,-760.5271426549327,52248.55563578505,50054.40742200001,47860.25920821497,788.891031654816,48540.60156,49278.69922,48751.69922,48041.25,49922.0
2025-01-21,48570.89844,49543.14844,48430.94922,49532.0,134700,49432.44977714288,49435.68209994466,37.93327508894248,-840.9444651944505,-776.6106071628362,52204.90682059394,49944.99238300002,47685.0779454061,811.9844736794715,49350.80078,48540.60156,49278.69922,48729.14844,50202.14844
2025-01-22,48724.39844,48781.75,48074.05078,48689.55078,151700,49226.65318142859,49340.8442786187,39.33213586893008,-823.9905682468234,-786.0865993796336,52042.69051995786,49815.33222700002,47587.97393404218,804.5355269880808,48570.89844,49350.80078,48540.60156,48751.69922,49835.05078
2025-01-23,48589.0,48892.69922,48493.0,48770.14844,124600,49055.23884000001,49240.598374802874,38.50770682092587,-812.1184098035665,-791.2929614644202,51871.74808376531,49683.13222700002,47494.51637023472,775.6186479175038,48724.39844,48570.89844,49350.80078,49278.69922,49503.5
2025-01-24,48367.80078,48858.64844,48203.0,48546.05078,139900,48944.22461000002,49124.22536216249,37.1381482379521,-811.2074723360129,-795.2758636387387,51691.225006743975,49542.987305000024,47394.749603256074,767.0493473519676,48589.0,48724.39844,48570.89844,48540.60156,48734.14844
2025-01-27,48064.64844,48319.19922,47844.14844,47881.64844,271800,48791.54603857145,48982.948439207496,35.285912225484324,-825.4323379402267,-801.3071584990363,51459.41113352366,49380.654688000024,47301.89824247639,749.6638468268271,48367.80078,48589.0,48724.39844,49350.80078,48041.25
2025-01-28,48866.85156,49247.14844,48449.05078,48642.5,299900,48722.388951428584,48967.468855313164,43.33909718589917,-763.1771280524772,-793.6811524097245,51234.986997928965,49276.35976600002,47317.73253407108,780.5807149106251,48064.64844,48367.80078,48589.0,48570.89844,48729.14844
2025-01-29,49165.94922,49199.64844,48849.80078,48997.19922,177200,48698.27818142858,48993.932903938075,46.035532983821334,-681.8448610685955,-771.3138941414987,51010.505264182655,49191.64726600002,47372.78926781739,749.8140681312947,48866.85156,48064.64844,48367.80078,48724.39844,48751.69922
2025-01-30,49311.94922,49426.19922,49031.80078,49206.19922,197900,48739.54966571429,49036.335079413,47.35260051057792,-598.7059640177613,-736.7923081167512,50523.73835630627,49076.96718800002,47630.196019693765,724.4272375504881,49165.94922,48866.85156,48064.64844,48589.0,49278.69922
2025-01-31,49587.19922,49674.80078,49031.80078,49259.64844,232000,48849.97461,49109.78363149127,49.838206905984315,-504.7885265674777,-690.3915518068965,50187.79682403926,49006.88711000001,47825.97739596076,718.6110062968819,49311.94922,49165.94922,48866.85156,48367.80078,48540.60156
2025-02-03,49210.55078,49373.44922,48906.05078,49074.80078,122900,48884.360491428575,49123.21925129244,46.59630100902882,-455.4999422794499,-643.4132299014071,50080.50156318084,48971.314649000014,47862.12773481919,715.9351087042478,49587.19922,49311.94922,49165.94922,48064.64844,49350.80078
2025-02-04,50157.94922,50206.60156,49482.5,49538.80078,155700,48984.80692,49261.18324712011,54.59662081782943,-336.11670362325094,-581.9539246457759,50068.60731723229,48969.10468800001,47869.60205876773,735.9433709396591,49210.55078,49587.19922,49311.94922,48866.85156,48570.89844
2025-02-05,50343.05078,50522.14844,50215.44922,50402.30078,149000,49060.83203142858,49405.4322515041,55.98404182544138,-223.9865009880741,-510.3604399142356,50191.9596715313,48994.50468800001,47797.049704468714,709.3902173011116,50157.94922,49210.55078,49587.19922,49165.94922,48724.39844
2025-02-06,50382.10156,50553.35156,50149.80078,50468.35156,158400,49192.3677457143,49535.65482597022,56.287521658708314,-130.46748797204054,-434.3818495257966,50364.8769248906,49038.434766000006,47711.99260710941,687.5445432081755,50343.05078,50157.94922,49210.55078,49311.94922,48589.0
2025-02-07,50158.85156,50641.75,49871.14844,50484.44922,178700,49250.085658571435,49618.747723840854,53.995474867030836,-73.51991380879917,-362.20946238239713,50513.842182051805,49109.66992200001,47705.49766194821,693.4771872647345,50382.10156,50343.05078,50157.94922,49587.19922,48367.80078
2025-02-10,49981.0,50155.64844,49703.10156,50052.5,98400,49350.807198571434,49667.04802732874,52.17281140756537,-42.25262358051987,-298.2180946220217,50569.599985094996,49206.657422000004,47843.71485890501,676.4966738886822,50158.85156,50382.10156,50343.05078,49210.55078,48064.64844
2025-02-11,49403.39844,49906.75,49177.39844,49812.14844,127000,49399.307198571434,49631.89474901824,46.66367616904528,-63.3504252127168,-251.2445607401607,50587.66526442687,49240.369922000005,47893.07457957314,685.5755943252051,49981.0,50158.85156,50382.10156,50157.94922,48866.85156
2025-02-12,49479.44922,49702.35156,48734.35156,49402.25,136500,49462.91071428572,49611.56867848247,47.45048264132228,-73.09137081956578,-215.61392275604172,50608.515849885625,49276.75742200001,47944.998994114394,705.7487661591191,49403.39844,49981.0,50158.85156,50343.05078,49165.94922
2025-02-13,49359.85156,49836.10156,49276.10156,49469.35156,118600,49533.77148428571,49578.00639601814,46.293911335044456,-89.43076978994941,-190.37729216282327,50613.06682686202,49280.81503900001,47948.563251137995,695.3381400048963,49479.44922,49403.39844,49981.0,50382.10156,49311.94922
2025-02-14,49099.44922,49592.94922,48719.75,49485.64844,130600,49607.685825714274,49514.198772549054,43.791119602839835,-121.98597536743182,-176.69902880374497,50600.56516015275,49308.75742200001,48016.94968384727,708.0425028616895,49359.85156,49479.44922,49403.39844,50158.85156,49587.19922
2025-02-17,49258.89844,49319.0,48525.60156,48880.39844,114800,49635.689174285704,49480.15872820918,45.72600319067511,-133.38244110059168,-168.0357112631143,50595.99295441919,49304.162305000005,48012.33165558082,714.1393555144258,49099.44922,49359.85156,49479.44922,49981.0,49210.55078
2025-02-18,49087.30078,49328.55078,48814.94922,49211.85156,107800,49630.07142857143,49427.777668447954,43.97173047484431,-154.4799704231409,-165.32456309511963,50582.19259528218,49329.98242200001,48077.77224871784,699.8152272633951,49258.89844,49099.44922,49359.85156,49403.39844,50157.94922
2025-02-19,49570.10156,49628.25,48804.0,48895.35156,113300,49648.51088142857,49446.75418732156,49.80648707188721,-130.73489589895325,-158.40662965588635,50596.62995435666,49372.267578000006,48147.905201643356,708.7034253160098,49087.30078,49258.89844,49099.44922,49479.44922,50343.05078
2025-02-20,49334.55078,49455.80078,49150.94922,49314.10156,112000,49630.46456428572,49431.79373301202,47.22263854163973,-129.4317242814359,-152.61164858099625,50580.479641472906,49409.54511700001,48238.61059252711,688.0212049362948,49570.10156,49087.30078,49258.89844,49359.85156,50382.10156
2025-02-21,48981.19922,49306.55078,48764.0,49127.94922,95300,49614.082310000005,49371.71446461041,43.57101524748143,-155.12330430439033,-153.11397972567505,50529.6988034058,49440.215039,48350.7312745942,679.6304602979878,49334.55078,49570.10156,49087.30078,49099.44922,50158.85156
2025-02-24,48651.94922,48748.39844,48281.89844,48619.80078,95700,49506.51088142857,49275.745765329026,40.43353576870656,-199.74920541292522,-162.44102486312508,50433.61408023566,49469.580078,48505.54607576434,681.0354831338462,48981.19922,49334.55078,49570.10156,49258.89844,49981.0
2025-02-25,48608.35156,48862.14844,48534.14844,48691.19922,106700,49382.603794285715,49186.759871285154,40.022565674226335,-235.91405003741238,-177.13562989798254,50458.842642144955,49456.655077999996,48454.46751385504,655.8186629100001,48651.94922,48981.19922,49334.55078,49087.30078,49403.39844
2025-02-27,48743.80078,48972.55078,48627.10156,48732.19922,186700,49265.582310000005,49127.6986591138,41.995129097789174,-250.75478482824838,-191.8594608840357,50478.2979096714,49435.547656,48392.79740232861,634.9887027021425,48608.35156,48651.94922,48981.19922,49570.10156,49479.44922
2025-02-28,48344.69922,48574.5,48078.69922,48437.55078,287700,49136.0,49023.29873389863,38.026661066142765,-291.3616982418316,-211.7599083555949,50533.006744770566,49387.18515600001,48241.36356722945,637.1396210805606,48743.80078,48608.35156,48651.94922,49334.55078,49359.85156
2025-03-03,48114.30078,48574.69922,47841.30078,48478.60156,151000,49002.66434142857,48902.099006712146,35.91657727723147,-338.23523304459377,-237.05497329339465,50581.31727154268,49313.54023400001,48045.76319645734,644.015251003378,48344.69922,48743.80078,48608.35156,48981.19922,49099.44922
2025-03-04,48245.19922,48374.89844,47924.75,47942.5,139300,48919.93582571428,48814.51236848386,38.02082524528933,-360.6629390804301,-261.77656645080174,50615.86094244782,49265.272656,47914.68436955218,630.1676216459937,48114.30078,48344.69922,48743.80078,48651.94922,49258.89844
2025-03-05,48489.94922,48657.64844,48190.25,48241.30078,127800,48849.257254285716,48771.23728201935,41.86465699053179,-354.60016815032577,-280.34128679070653,50507.43573484103,49181.87265600001,47856.30957715899,618.5412515284224,48245.19922,48114.30078,48344.69922,48608.35156,49087.30078
2025-03-06,48627.69922,48839.10156,48299.39844,48760.0,137400,48796.96065857143,48752.0988737501,43.970794086843156,-334.8205023999617,-291.2371299125576,50328.76394343916,49096.105078,47863.44621256084,612.9099564192499,48489.94922,48245.19922,48114.30078,48743.80078,49570.10156
2025-03-07,48497.5,48709.05078,48359.35156,48463.80078,106000,48753.96428571428,48718.15235725009,42.40697971811457,-325.89425758243306,-298.16855544653265,50108.59938560127,49001.875,47895.15061439873,594.1091895321603,48627.69922,48489.94922,48245.19922,48344.69922,49334.55078
2025-03-10,48216.80078,48599.14844,48124.64844,48312.0,123800,48679.52873857143,48651.30548028341,39.17239505567115,-337.57882682701893,-306.05060972262993,49925.8858765752,48904.772461,47883.6590454248,585.5656759941487,48497.5,48627.69922,48489.94922,48114.30078,48981.19922
2025-03-11,47853.94922,48029.05078,47702.89844,47874.80078,222400,48591.43219857143,48544.99131224562,35.41222984588108,-371.8317753026713,-319.2068428386382,49791.70835487484,48798.419922,47805.13148912516,580.4468662802809,48216.80078,48497.5,48627.69922,48245.19922,48651.94922
2025-03-12,48056.64844,48222.14844,47844.94922,47894.39844,243300,48483.32840428571,48479.87892927953,38.93839602525774,-378.26099344966497,-331.0176729608435,49733.743750720874,48731.082422,47728.421093279125,565.9291772602604,47853.94922,48216.80078,48497.5,48489.94922,48608.35156
2025-03-13,48060.39844,48352.44922,48006.10156,48219.14844,145900,48392.31752285714,48423.9481973756,39.00474167217547,-378.68831828334805,-340.55180202534444,49641.52965721172,48660.129883,47678.73010878828,550.2447831702418,48056.64844,47853.94922,48216.80078,48627.69922,48743.80078
2025-03-17,48354.14844,48481.35156,48196.10156,48219.55078,131300,48347.52818142857,48414.64156305885,44.126092856390734,-351.2745321184775,-342.69634804397106,49544.635598160516,48609.844727,47675.05385583949,541.0096643723679,48060.39844,48056.64844,47853.94922,48497.5,48344.69922
2025-03-18,49314.5,49400.30078,48629.44922,48792.89844,146600,48394.85323714286,48534.62268798434,56.874585080319065,-249.18412470020849,-323.99390337521857,49582.229629880676,48620.59726600001,47658.96490211935,577.091284060056,48354.14844,48060.39844,48056.64844,48216.80078,48114.30078
2025-03-19,49702.60156,49807.55078,49324.80078,49375.39844,137600,48473.01395142858,48690.35320425309,60.77011579970068,-135.39938903403527,-286.2750005069819,49679.811379830775,48642.782422000004,47605.75346416923,571.088390912909,49314.5,48354.14844,48060.39844,47853.94922,48245.19922
2025-03-20,50062.85156,50155.30078,49771.64844,49947.60156,115700,48567.23186428571,48873.352985019344,64.01910723357396,-15.970899392057618,-232.21418028399702,49887.26562016345,48691.559961000006,47495.85430183656,562.6320215619866,49702.60156,49314.5,48354.14844,48056.64844,48489.94922
2025-03-21,50593.55078,50672.14844,49891.94922,49927.10156,225500,48727.86411857144,49102.712691016764,68.19760786073162,120.11541516381112,-161.74826119443537,50152.83322945042,48742.73242200001,47332.631614549595,578.17253573613,50062.85156,49702.60156,49314.5,48060.39844,48627.69922
2025-03-24,51704.94922,51801.14844,50795.89844,50982.69922,180400,48984.33900714286,49449.67756154786,74.79823873939625,314.0254754550042,-66.59351386454745,50763.117817011036,48861.252344,46959.386870988965,623.1314731835492,50593.55078,50062.85156,49702.60156,48354.14844,48497.5
2025-03-25,51607.94922,52063.94922,51429.60156,51874.19922,185200,49224.535435714286,49737.447116008145,73.36699685992907,454.6327822306703,37.651745354496114,51240.71915899009,48992.589844,46744.46052900991,623.9326293847244,51704.94922,50593.55078,50062.85156,49314.5,48216.80078
2025-03-26,51209.0,51875.80078,51069.14844,51640.05078,152900,49418.75334857143,49933.65416720706,67.63478361593044,527.7891926990051,135.6792348233979,51559.29209525891,49120.442383,46681.59267074109,636.9840372858155,51607.94922,51704.94922,50593.55078,49702.60156,47853.94922
2025-03-27,51575.85156,51714.35156,51050.85156,51084.69922,415800,49629.335658571435,50152.613819579456,69.95908373191205,608.3552889611019,230.21444565093873,51917.0784727688,49268.817383,46620.5562932312,638.8780346225429,51209.0,51607.94922,51704.94922,50062.85156,48056.64844
2025-03-28,51564.85156,51839.10156,51335.35156,51608.39844,171200,49848.432198571434,50340.91218496886,69.7972239923429,663.6665576683154,316.90486805441407,52226.41561242594,49409.869922,46593.32423157406,629.2260321495041,51575.85156,51209.0,51607.94922,50593.55078,48060.39844
2025-04-01,50827.5,51683.85156,50742.0,51178.14844,176300,50034.91071428572,50405.79056030635,59.80821967239574,640.6183781350119,381.6475700705336,52370.610728089356,49534.009961,46697.40919391065,651.5564269959684,51564.85156,51575.85156,51209.0,51704.94922,48354.14844
2025-04-02,51348.05078,51404.19922,50908.35156,50966.89844,149900,50284.48939714286,50531.4252562655,63.75223395147345,656.7856116273251,436.6751783818919,52558.69702581037,49695.697461,46832.69789618964,646.2094836391136,50827.5,51564.85156,51575.85156,51607.94922,49314.5
2025-04-03,51597.35156,51661.60156,50906.64844,50910.0,291200,50537.39676285715,50673.5487634301,65.4984005728536,681.8547529489078,485.7110932952951,52759.31369124991,49863.305078000005,46967.2964647501,653.9768862363202,51348.05078,50827.5,51564.85156,51209.0,49702.60156
2025-04-04,51502.69922,51893.60156,51360.39844,51711.60156,189600,50783.27539,50784.10215763942,64.23320852562401,686.1747795347837,525.8038305431928,52921.93168224659,50013.942578,47105.95347375341,645.3501886480119,51597.35156,51348.05078,50827.5,51575.85156,50062.85156
2025-04-07,49860.10156,50426.25,49156.94922,49336.10156,236800,50890.84347,50660.90207795416,47.19550882783001,550.7063285746044,530.7843301494752,52914.860452788605,50075.56269500001,47236.26493721141,766.8073180302969,51502.69922,51597.35156,51348.05078,51564.85156,50593.55078
2025-04-08,50511.0,50793.69922,50030.80078,50388.55078,162300,50976.30775571428,50640.91513422694,52.564820406015414,490.2177445052366,522.6710130206275,52925.9530785138,50176.237695,47426.52231148621,778.7209138852756,49860.10156,51502.69922,51597.35156,50827.5,51704.94922
2025-04-09,50240.14844,50496.89844,49910.85156,50487.10156,141800,51014.70396142857,50587.47957499668,50.273985186839255,415.6334844565208,501.26350730780615,52876.045808207135,50277.405078,47678.76434779287,765.9657371791843,50511.0,49860.10156,51502.69922,51348.05078,51607.94922
2025-04-11,51002.35156,51244.69922,50634.10156,50634.10156,140000,51081.81110428571,50642.79583966379,56.075360192114275,413.2644870456352,483.66370325537196,52797.93566490279,50434.825195000005,48071.71472509722,783.0075259521001,50240.14844,50511.0,49860.10156,51597.35156,51209.0
2025-04-15,52379.5,52486.35156,51863.30078,52299.0,203800,51209.37890571428,50874.35639437529,64.20184372666365,516.5568633528237,490.2423352748623,52892.0897510956,50650.967773000004,48409.84579490441,833.0784169555216,51002.35156,50240.14844,50511.0,51502.69922,51575.85156
2025-04-16,53117.75,53164.44922,52471.35156,52690.89844,200500,51310.29324714286,51173.475541791915,67.65638506003278,650.4889887974568,522.2916659793812,53058.28486072644,50903.835351,48749.385841273564,829.6406171729844,52379.5,51002.35156,50240.14844,49860.10156,51564.85156
2025-04-17,54290.19922,54407.19922,53084.89844,53153.75,294900,51501.88253285714,51589.038698886325,72.23833656521576,841.5372984900023,586.1407924815054,53499.02799682786,51200.63789,48902.24778317213,864.8306288034859,53117.75,52379.5,51002.35156,50511.0,50827.5
2025-04-21,55304.5,55461.64844,54674.94922,54891.25,300,51794.41824714286,52084.43353903481,75.47520282415874,1062.5417366993715,681.4209813250786,54253.43222565043,51500.13789,48746.843554349565,886.7319567460936,54290.19922,53117.75,52379.5,50240.14844,51348.05078
2025-04-22,55647.19922,55961.19922,55243.55078,55414.30078,276900,52085.228794285715,52559.468963163505,76.4732966897454,1250.9224538525887,795.3212758305806,54962.90776623263,51797.367773,48631.827779767365,874.6545626928016,55304.5,54290.19922,53117.75,51002.35156,51597.35156
2025-04-23,55370.05078,56098.69922,55162.5,56097.10156,245500,52357.02873857143,52934.21320540837,73.85551806796003,1362.1499498119156,908.6870106268476,55481.80411340653,52062.727734,48643.65135459347,879.0506096433159,55647.19922,55304.5,54290.19922,52379.5,51502.69922
2025-04-24,55201.39844,55550.44922,55088.39844,55103.89844,233200,52669.45005571429,53236.50457002059,72.23506744190428,1420.3171750813417,1011.0130435177464,55900.933202976834,52293.120117,48685.30703102316,849.2649075259366,55370.05078,55647.19922,55304.5,53117.75,49860.10156
2025-04-25,54664.05078,55350.55078,54176.44922,55233.55078,210800,52906.307198571434,53426.84406468451,67.17768754193708,1406.83849635988,1090.178134086173,56180.57059997832,52441.075195000005,48701.57979002169,872.4675255597979,55201.39844,55370.05078,55647.19922,54290.19922,50511.0
2025-04-28,55432.80078,55577.39844,54582.35156,54610.30078,178600,53180.26785714286,53694.30496005991,70.3734402769194,1441.5707167762885,1160.456650624196,56567.89849335599,52632.31777300001,48696.73705264403,881.2231937340977,54664.05078,55201.39844,55370.05078,55304.5,50240.14844
2025-04-29,55391.25,55957.75,55262.39844,55524.35156,193900,53458.021484285724,53920.56429871859,69.97685448972186,1449.0398219255949,1218.1732848844758,56894.954439186666,52841.43027300001,48787.90610681336,867.9466484673766,55432.80078,54664.05078,55201.39844,55647.19922,51002.35156
2025-04-30,55087.14844,55478.25,54723.69922,55382.39844,193500,53831.3819757143,54076.108850889446,67.00085495816556,1414.1195967072417,1257.362547249029,57139.625130647066,53016.99511700001,48894.36510335296,859.8469435768495,55391.25,55432.80078,54664.05078,55370.05078,52379.5
2025-05-02,55115.35156,55691.94922,54994.39844,55100.94922,154200,54160.264230000015,54214.67454543752,67.14042863723613,1372.8949443942038,1280.469026678064,57357.318874719924,53194.520117000015,49031.721359280105,848.2543604642178,55087.14844,55391.25,55432.80078,55201.39844,53117.75
2025-05-05,54919.5,55345.5,54786.5,55065.80078,139400,54494.50362714287,54308.651272712515,65.08181402536218,1309.3274149250792,1286.240704327467,57477.84579173819,53399.12011700001,49320.39444226184,827.5933347167737,55115.35156,55087.14844,55391.25,54664.05078,54290.19922
2025-05-06,54271.39844,55036.94922,54172.94922,54918.25,198700,54728.0069757143,54303.684228350845,58.670973802721925,1192.90227548431,1267.5730185588357,57527.91732511249,53545.28750000001,49562.65767488754,830.1938108084327,54919.5,55115.35156,55087.14844,55432.80078,55304.5
2025-05-07,54610.89844,54684.30078,53919.89844,54013.39844,268900,54887.392578571445,54344.6461232374,60.846703938348554,1115.1742913015478,1237.093273107378,57599.647736566374,53695.96484400002,49792.28195143366,825.4944200364017,54271.39844,54919.5,55115.35156,55391.25,55647.19922
2025-05-08,54365.64844,54937.25,54108.0,54801.75,302200,54976.52818142859,54347.44643213908,58.452787419622375,1022.0036564996481,1194.075349785832,57618.58154652317,53839.11230500002,50059.64306347686,825.7626757480873,54610.89844,54271.39844,54919.5,55087.14844,55370.05078
2025-05-09,53595.25,54054.80078,53483.05078,53595.94922,179300,54926.88895142859,54247.15357452053,51.58681965195313,875.9036692730951,1130.4410136832846,57341.02626507288,54025.86972700001,50710.71318892715,829.8223174803668,54365.64844,54610.89844,54271.39844,55115.35156,55201.39844
2025-05-12,55382.85156,55466.30078,54558.05078,54658.75,199600,54932.48549142859,54398.57997258446,62.572507994136906,894.0567533631402,1083.1641616192558,57210.60691129897,54269.462305000015,51328.31769870106,904.1957790889119,53595.25,54365.64844,54610.89844,54919.5,54664.05078
2025-05-13,54940.85156,55499.64844,54888.5,55233.5,190000,54882.03208714288,54470.882850906535,59.0071392827746,862.831314933821,1039.0975922821688,56800.67780207704,54504.49746100001,52208.317119922984,883.2638262968466,55382.85156,53595.25,54365.64844,54271.39844,55432.80078
2025-05-14,54801.30078,55208.60156,54491.0,55008.55078,145200,54841.40708714288,54514.938574785665,57.88567189869458,817.4018486437999,994.758443554495,56335.401126973695,54694.44492200002,53053.48871702634,871.4308072756434,54940.85156,55382.85156,53595.25,54610.89844,55391.25
2025-05-15,55355.60156,55490.55078,54442.30078,54853.69922,138400,54852.4215957143,54627.026972814245,61.05206228908974,816.7115672069558,959.1490682849872,56115.962490431244,54843.25000000002,53570.5375095688,884.0607496130973,54801.30078,54940.85156,55382.85156,54365.64844,55087.14844
2025-05-16,55354.89844,55418.89844,55170.25,55276.0,136000,54901.76785714288,54724.076501772346,61.04579241292563,806.8074047455375,928.6807355770973,55968.33766587711,54955.107422000016,53941.87717812292,838.6741560693044,55355.60156,54801.30078,54940.85156,53595.25,55115.35156
2025-05-19,55420.69922,55695.55078,55296.55078,55326.05078,138100,54900.90346000001,54816.95953086937,61.44484247261032,795.1024119937647,901.9650708604307,55995.90361718034,55011.63242200002,54027.361226819696,807.2688592072112,55354.89844,55355.60156,54801.30078,55382.85156,54919.5
2025-05-20,54877.35156,55568.35156,54829.44922,55445.30078,143400,54864.196428571435,54825.01180142012,56.31473467661036,733.5268646014229,868.2774296086292,55966.705854743035,54990.27500000002,54013.84414525701,802.3855364066961,55420.69922,55354.89844,55355.60156,54940.85156,54271.39844
2025-05-21,55075.10156,55336.85156,54690.80078,55060.19922,119500,54863.33593714286,54858.35710256411,57.69898680472676,692.699562631904,833.1618562132842,55891.87089084303,54961.67011700002,54031.46934315702,791.2187680919325,54877.35156,55420.69922,55354.89844,54801.30078,54610.89844
2025-05-22,54941.30078,54996.10156,54576.60156,54875.89844,148200,54850.90373857144,54869.41625955556,56.39683449214859,642.1447816286454,794.9584412963565,55851.365561652055,54940.23261700002,54029.09967234799,770.3102846567945,55075.10156,54877.35156,55420.69922,55355.60156,54365.64844
2025-05-23,55398.25,55441.30078,54854.5,54959.30078,88900,54885.10016714287,54939.92742494815,59.73860339899463,631.6702353539731,762.3008001078798,55876.40677962291,54950.07519500002,54023.74361037713,757.2024628955947,54941.30078,55075.10156,54877.35156,55354.89844,53595.25
2025-05-26,55572.0,55875.75,55307.5,55534.89844,90800,54978.00027857144,55024.2037682884,60.96369524870456,630.1255596646515,735.8657520192342,55949.85339041958,54995.47265600001,54041.091921580446,743.7058584030523,55398.25,54941.30078,55075.10156,55420.69922,55382.85156
2025-05-27,55352.80078,55831.35156,55037.85156,55458.94922,145400,55030.993302857154,55068.016703183275,58.54346270875168,604.2484479460691,709.5422912046012,55939.13508865298,54991.47265600001,54043.81022334704,747.2625828028342,55572.0,55398.25,54941.30078,54877.35156,54940.85156
2025-05-28,55417.0,55521.80078,55235.55078,55328.60156,128300,55106.08984285715,55114.54780942551,59.05614693161455,582.209640668596,684.0757610974001,55942.658979445005,54992.76015600001,54042.86133255502,714.3331126026318,55352.80078,55572.0,55398.25,55075.10156,54801.30078
2025-05-29,55546.05078,55782.75,55096.44922,55571.39844,185700,55245.4327557143,55172.08153883544,60.123694914341485,568.602550286887,660.9811189352974,55995.32057223379,55015.705273000014,54036.08997376624,712.330803131015,55417.0,55352.80078,55572.0,54941.30078,55355.60156
2025-05-30,55749.69922,55813.30078,55356.60156,55615.55078,281100,55271.63616000001,55249.09722965738,61.81565150478314,567.7073829475194,642.3263717377419,56077.65841120452,55047.42265600001,54017.1869007955,694.0714043359421,55546.05078,55417.0,55352.80078,55398.25,55354.89844
2025-06-02,55903.39844,55966.30078,55400.55078,55598.25,211300,55340.38950857144,55336.337391036395,63.088597878768105,572.7973476480402,628.4205669198016,56189.7649684628,55096.617578000005,54003.47018753721,684.9055897405177,55749.69922,55546.05078,55417.0,55572.0,55420.69922
2025-06-03,55599.94922,56161.39844,55455.80078,56104.80078,212800,55397.435825714296,55371.48563489821,58.91285419874666,546.0508312436286,611.946619784567,56207.93361284628,55163.045117,54118.15662115372,686.3835947590521,55903.39844,55749.69922,55546.05078,55352.80078,54877.35156
2025-06-04,55676.85156,55791.0,55408.35156,55650.35156,151500,55420.38225428572,55412.20109157845,59.64189516655819,525.0074414539195,594.5587841184375,56251.8405420932,55216.34277300001,54180.84500390682,664.6882265619768,55599.94922,55903.39844,55749.69922,55417.0,55075.10156
2025-06-05,55760.85156,56010.14844,55580.44922,55806.75,141300,55449.37890571429,55458.68782070132,60.467039113238194,509.23831906649866,577.4946911080498,56269.64322126847,55286.10292900002,54302.56263673158,647.9032975218352,55676.85156,55599.94922,55903.39844,55546.05078,54941.30078
2025-06-06,56578.39844,56695.0,55534.75,55699.44922,347000,55532.071707142866,55607.982569941145,67.44375879971159,556.2977227906886,573.2552974445775,56235.61562987079,55435.26035100002,54634.90507212925,684.4994905559898,55760.85156,55676.85156,55599.94922,55749.69922,55398.25
2025-06-09,56839.60156,57049.5,56792.69922,57049.5,207500,55672.23242142858,55772.19843528233,69.30745536750267,607.6647669302693,580.1371913417158,56514.69254439833,55508.09785100001,54501.5031576017,669.2567812305622,56578.39844,55760.85156,55676.85156,55903.39844,55572.0
2025-06-10,56629.10156,57015.39844,56564.14844,56993.89844,146000,55783.23242142858,55886.452185244685,66.02709496271109,624.1926246814401,588.9482780096607,56674.96459406955,55592.51035100002,54510.05610793049,653.6848682855219,56839.60156,56578.39844,55760.85156,55599.94922,55352.80078
2025-06-11,56459.75,56782.5,56399.39844,56639.85156,135300,55891.693080000005,55962.891893878725,63.42614666420832,616.5189685641963,594.4624161205678,56756.83054405493,55675.43281200002,54594.03507994511,634.3574891222705,56629.10156,56839.60156,56578.39844,55676.85156,55417.0
2025-06-12,56082.55078,56611.05078,55968.5,56480.89844,135300,55940.571707142866,55978.84641202823,57.950528004845836,573.3910213661948,590.2481371696932,56796.59689586212,55711.78027300001,54626.9636501379,634.9427241849653,56459.75,56629.10156,56839.60156,55760.85156,55546.05078
2025-06-13,55527.35156,55688.0,55149.30078,55149.30078,142000,55937.38253285715,55918.647098424466,50.97489036554652,488.7775520644427,569.9540201486432,56796.441760056245,55720.40292900002,54644.36409794379,656.2503867431822,56082.55078,56459.75,56629.10156,56578.39844,55749.69922
2025-06-16,55944.89844,55999.85156,55381.44922,55554.10156,107700,55979.67522285715,55922.14727730121,55.32985795736332,450.22341637715,546.0078993943446,56817.699675454685,55746.61289000001,54675.52610454534,653.5469548329548,55527.35156,56082.55078,56459.75,56839.60156,55903.39844
2025-06-17,55714.14844,56067.30078,55643.94922,55975.0,106300,56000.90011142858,55894.41409899438,52.55159465063293,396.47902612212783,516.1021247399012,56783.09455291318,55788.452734000006,54793.81091508683,637.1044266306006,55944.89844,55527.35156,56082.55078,56629.10156,55599.94922
2025-06-18,55828.75,55933.60156,55511.80078,55544.94922,116400,56021.092912857144,55885.65888579513,53.79255889817941,358.9953231459949,484.68076442112,56765.381280646434,55826.135156,54886.88903135356,621.7255947284153,55714.14844,55944.89844,55527.35156,56459.75,55676.85156
2025-06-19,55577.44922,55942.44922,55475.44922,55784.85156,131300,56008.78934142857,55844.56426368911,50.6634518888813,305.4898489265688,448.84258132220975,56714.63330320233,55857.942578,55001.25185279767,610.6737665335285,55828.75,55714.14844,55944.89844,56082.55078,55760.85156
2025-06-20,56252.85156,56328.19922,55566.39844,55566.69922,161500,56033.75027857143,55899.0025698639,57.77299789663126,313.9664891372595,421.8673628852197,56746.57024314499,55900.67265600001,55054.77506885503,621.4685532097054,55577.44922,55828.75,55714.14844,55527.35156,56578.39844
2025-06-23,56059.35156,56233.55078,55779.25,55832.35156,86800,56066.564731428574,55920.38243521538,55.31371207928406,301.5938683435015,397.812663976876,56759.664861278245,55925.040234000015,55090.415606721785,610.906625123298,56252.85156,55577.44922,55828.75,55944.89844,56839.60156
2025-06-24,56461.89844,56862.0,56276.14844,56529.44922,132900,56122.63950857143,55992.58456918666,59.204328096711144,320.57525423620973,382.36518202874277,56802.960338388635,55980.49511700001,55158.02989561139,624.6024690430622,56059.35156,56252.85156,55577.44922,55714.14844,56629.10156
2025-06-25,56621.14844,56681.39844,56420.64844,56564.5,98700,56184.0892857143,56076.39308529511,60.663438471074514,344.4971348731051,374.79157259761524,56865.64574457202,56040.702539000005,55215.75933342799,598.6130069685578,56461.89844,56059.35156,56252.85156,55828.75,56459.75
2025-06-26,57206.69922,57263.44922,56558.35156,56693.55078,176500,56228.967912857144,56227.100569922426,65.54339886022072,406.024059305164,381.03806993912497,57059.64486023453,56123.73496100002,55187.8250617655,606.2190536136607,56621.14844,56461.89844,56059.35156,55577.44922,56082.55078
2025-06-27,57443.89844,57475.39844,56993.85156,57234.69922,238000,56272.13197571429,56389.34028593277,67.31243168701035,468.5237349222516,398.5352029357503,57289.09750477917,56208.44492200001,55127.79233922085,597.3138983555416,57206.69922,56621.14844,56461.89844,56252.85156,55527.35156
2025-06-30,57312.75,57614.5,57193.80078,57529.94922,183000,56320.964007142866,56512.46158114173,65.3157183457878,501.6894316031903,419.1660486692383,57450.763410436826,56278.91250000001,55107.0615895632,584.6985641872888,57443.89844,57206.69922,56621.14844,56059.35156,55944.89844
2025-07-01,57459.44922,57533.85156,57150.35156,57375.80078,283300,56392.37109428572,56638.72659965617,66.51233399540428,533.6591951953451,442.06467797445964,57606.87426759219,56371.88750000001,55136.900732407834,570.3272381739109,57312.75,57443.89844,57206.69922,56461.89844,55714.14844
2025-07-02,56999.19922,57628.39844,56833.80078,57558.19922,169600,56457.84598285714,56686.789615702015,59.5686434170686,515.9100447881137,456.83375133719045,57658.576589218035,56438.00488300001,55217.43317678198,586.3465540186315,57459.44922,57312.75,57443.89844,56621.14844,55828.75
2025-07-03,56791.94922,57193.25,56764.10156,57050.39844,149900,56548.174387142855,56700.81089627508,56.6982385106656,479.59193498428795,461.38538806660995,57678.0511039352,56489.559766000006,55301.06842806481,575.1181173030147,56999.19922,57459.44922,57312.75,57206.69922,55577.44922
2025-07-04,57031.89844,57075.10156,56623.60156,56825.25,93900,56625.81724428571,56744.955902105066,59.15239119543973,464.8133886139476,462.0709881760775,57723.7226212049,56512.23476600001,55300.74691079512,566.2882517813708,56791.94922,56999.19922,57459.44922,57443.89844,56252.85156
