Date,Close,High,Low,Open,Volume
01-02-23,18197.44922,18215.15039,18086.5,18131.69922,256100
01-03-23,18232.55078,18251.94922,18149.80078,18163.19922,208700
01-04-23,18042.94922,18243,18020.59961,18230.65039,235200
01-05-23,17992.15039,18120.30078,17892.59961,18101.94922,269900
01-06-23,17859.44922,18047.40039,17795.55078,18008.05078,238200
01-09-23,18101.19922,18141.40039,17936.15039,17952.55078,257200
01-10-23,17914.15039,18127.59961,17856,18121.30078,283300
01-11-23,17895.69922,17976.34961,17824.34961,17924.25,259900
01-12-23,17858.19922,17945.80078,17761.65039,17920.84961,227800
01-13-23,17956.59961,17999.34961,17774.25,17867.5,256700
01-16-23,17894.84961,18049.65039,17853.65039,18033.15039,206200
01-17-23,18053.30078,18072.05078,17886.94922,17922.80078,219100
01-18-23,18165.34961,18183.75,18032.44922,18074.30078,255800
01-19-23,18107.84961,18155.19922,18063.75,18119.80078,237800
01-20-23,18027.65039,18145.44922,18016.19922,18115.59961,237200
01-23-23,18118.55078,18162.59961,18063.44922,18118.44922,202500
01-24-23,18118.30078,18201.25,18078.65039,18183.94922,216900
01-25-23,17891.94922,18100.59961,17846.15039,18093.34961,257200
01-27-23,17604.34961,17884.75,17493.55078,17877.19922,476300
01-30-23,17648.94922,17709.15039,17405.55078,17541.94922,432400
01-31-23,17662.15039,17735.69922,17537.55078,17731.44922,398300
02-01-23,17616.30078,17972.19922,17353.40039,17811.59961,512900
02-02-23,17610.40039,17653.90039,17445.94922,17517.09961,490100
02-03-23,17854.05078,17870.30078,17584.19922,17721.75,424100
02-06-23,17764.59961,17823.69922,17698.34961,17818.55078,282500
02-07-23,17721.5,17811.15039,17652.55078,17790.09961,354400
02-08-23,17871.69922,17898.69922,17744.15039,17750.30078,291000
02-09-23,17893.44922,17916.90039,17779.80078,17885.5,260900
02-10-23,17856.5,17876.94922,17801,17847.55078,232000
02-13-23,17770.90039,17880.69922,17719.75,17859.09961,231300
02-14-23,17929.84961,17954.55078,17800.05078,17840.34961,244500
02-15-23,18015.84961,18034.09961,17853.80078,17896.59961,229300
02-16-23,18035.84961,18134.75,18000.65039,18094.75,230200
02-17-23,17944.19922,18034.25,17884.59961,17974.84961,208100
02-20-23,17844.59961,18004.34961,17818.40039,17965.55078,174600
02-21-23,17826.69922,17924.90039,17800.30078,17905.80078,198200
02-22-23,17554.30078,17772.5,17529.44922,17755.34961,204000
02-23-23,17511.25,17620.05078,17455.40039,17574.65039,240800
02-24-23,17465.80078,17599.75,17421.80078,17591.34961,209400
02-27-23,17392.69922,17451.59961,17299,17428.59961,246400
02-28-23,17303.94922,17440.44922,17255.19922,17383.25,420900
03-01-23,17450.90039,17467.75,17345.25,17360.09961,272900
03-02-23,17321.90039,17445.80078,17306,17421.5,310700
03-03-23,17594.34961,17644.75,17427.69922,17451.25,356200
03-06-23,17711.44922,17799.94922,17671.94922,17680.34961,362800
03-08-23,17754.40039,17766.5,17602.25,17665.75,267000
03-09-23,17589.59961,17772.34961,17573.59961,17772.05078,262400
03-10-23,17412.90039,17451.5,17324.34961,17443.80078,235900
03-13-23,17154.30078,17529.90039,17113.44922,17421.90039,254900
03-14-23,17043.30078,17224.65039,16987.09961,17160.55078,290600
03-15-23,16972.15039,17211.34961,16938.90039,17166.44922,248200
03-16-23,16985.59961,17062.44922,16850.15039,16994.65039,349800
03-17-23,17100.05078,17145.80078,16958.15039,17111.80078,408100
03-20-23,16988.40039,17066.59961,16828.34961,17066.59961,241800
03-21-23,17107.5,17127.69922,17016,17060.40039,246700
03-22-23,17151.90039,17207.25,17107.84961,17177.44922,0
03-23-23,17076.90039,17205.40039,17045.30078,17097.40039,219200
03-24-23,16945.05078,17109.44922,16917.34961,17076.19922,228000
03-27-23,16985.69922,17091,16918.55078,16984.30078,218400
03-28-23,16951.69922,17061.75,16913.75,17031.75,238800
03-29-23,17080.69922,17126.15039,16940.59961,16977.30078,345900
03-31-23,17359.75,17381.59961,17204.65039,17210.34961,263900
04-03-23,17398.05078,17428.05078,17312.75,17427.94922,230200
04-05-23,17557.05078,17570.55078,17402.69922,17422.30078,248300
04-06-23,17599.15039,17638.69922,17502.84961,17533.84961,242700
04-10-23,17624.05078,17694.09961,17597.94922,17634.90039,254800
04-11-23,17722.30078,17748.75,17655.15039,17704.80078,304300
04-12-23,17812.40039,17825.75,17717.25,17759.55078,232800
04-13-23,17828,17842.15039,17729.65039,17807.30078,285800
04-17-23,17706.84961,17863,17574.05078,17863,357400
04-18-23,17660.15039,17766.59961,17610.19922,17766.59961,258900
04-19-23,17618.75,17666.15039,17579.84961,17653.34961,281500
04-20-23,17624.44922,17684.44922,17584.34961,17638.59961,215100
04-21-23,17624.05078,17663.19922,17553.94922,17639.75,230200
04-24-23,17743.40039,17754.5,17612.5,17707.55078,255700
04-25-23,17769.25,17807.44922,17716.84961,17761.55078,297400
04-26-23,17813.59961,17827.75,17711.19922,17767.30078,233000
04-27-23,17915.05078,17931.59961,17797.90039,17813.09961,241400
04-28-23,18065,18089.15039,17885.30078,17950.40039,290300
05-02-23,18147.65039,18180.25,18101.75,18124.80078,265200
05-03-23,18089.84961,18116.34961,18042.40039,18113.80078,226200
05-04-23,18255.80078,18267.44922,18066.69922,18081,226600
05-05-23,18069,18216.94922,18055.44922,18117.30078,239700
05-08-23,18264.40039,18286.94922,18100.30078,18120.59961,228400
05-09-23,18265.94922,18344.19922,18229.65039,18303.40039,245400
05-10-23,18315.09961,18326.75,18211.94922,18313.59961,220500
05-11-23,18297,18389.69922,18270.40039,18357.80078,248900
05-12-23,18314.80078,18342.75,18194.55078,18273.75,241700
05-15-23,18398.84961,18458.90039,18287.90039,18339.30078,216100
05-16-23,18286.5,18432.34961,18264.34961,18432.34961,219500
05-17-23,18181.75,18309,18115.34961,18300.44922,229900
05-18-23,18129.94922,18297.19922,18104.84961,18287.5,272100
05-19-23,18203.40039,18218.09961,18060.40039,18186.15039,260900
05-22-23,18314.40039,18335.25,18178.84961,18201.09961,262600
05-23-23,18348,18419.75,18324.19922,18362.90039,270400
05-24-23,18285.40039,18392.59961,18262.94922,18294.80078,232600
05-25-23,18321.15039,18338.09961,18202.40039,18268.90039,235900
05-26-23,18499.34961,18508.55078,18333.15039,18368.34961,198700
05-29-23,18598.65039,18641.19922,18581.25,18619.15039,265300
05-30-23,18633.84961,18662.44922,18575.5,18606.65039,234400
05-31-23,18534.40039,18603.90039,18483.84961,18594.19922,696500
06-01-23,18487.75,18580.30078,18464.55078,18579.40039,265600
06-02-23,18534.09961,18573.69922,18478.40039,18550.84961,270900
06-05-23,18593.84961,18640.15039,18582.80078,18612,256100
06-06-23,18599,18622.75,18531.59961,18600.80078,220800
06-07-23,18726.40039,18738.94922,18636,18665.59961,260100
06-08-23,18634.55078,18777.90039,18615.59961,18725.34961,286500
06-09-23,18563.40039,18676.65039,18555.40039,18655.90039,221800
06-12-23,18601.5,18633.59961,18559.75,18595.05078,179500
06-13-23,18716.15039,18728.90039,18631.80078,18631.80078,233200
06-14-23,18755.90039,18769.69922,18690,18744.59961,261400
06-15-23,18688.09961,18794.09961,18669.05078,18774.44922,263000
06-16-23,18826,18864.69922,18710.5,18723.30078,272800
06-19-23,18755.44922,18881.44922,18719.15039,18873.30078,219800
06-20-23,18816.69922,18839.69922,18660.65039,18752.34961,211600
06-21-23,18856.84961,18875.90039,18794.84961,18849.40039,217500
06-22-23,18771.25,18886.59961,18759.5,18853.59961,252700
06-23-23,18665.5,18756.40039,18647.09961,18741.84961,210600
06-26-23,18691.19922,18722.05078,18646.69922,18682.34961,171300
06-27-23,18817.40039,18829.25,18714.25,18748.55078,222500
06-28-23,18972.09961,19011.25,18861.34961,18908.15039,398800
06-30-23,19189.05078,19201.69922,19024.59961,19076.84961,247900
07-03-23,19322.55078,19345.09961,19234.40039,19246.5,226100
07-04-23,19389,19434.15039,19300,19406.59961,226900
07-05-23,19398.5,19421.59961,19339.59961,19405.94922,224400
07-06-23,19497.30078,19512.19922,19373,19385.69922,268300
07-07-23,19331.80078,19523.59961,19303.59961,19422.80078,237100
07-10-23,19355.90039,19435.84961,19327.09961,19400.34961,268200
07-11-23,19439.40039,19515.09961,19406.44922,19427.09961,251300
07-12-23,19384.30078,19507.69922,19361.75,19497.44922,327900
07-13-23,19413.75,19567,19385.80078,19495.19922,310400
07-14-23,19564.5,19595.34961,19433.5,19493.44922,291200
07-17-23,19711.44922,19731.84961,19562.94922,19612.15039,268700
07-18-23,19749.25,19819.44922,19690.19922,19787.5,286400
07-19-23,19833.15039,19851.69922,19727.44922,19802.94922,259700
07-20-23,19979.15039,19991.84961,19758.40039,19831.69922,274700
07-21-23,19745,19887.40039,19700,19800.44922,312500
07-24-23,19672.34961,19782.75,19658.30078,19748.44922,265600
07-25-23,19680.59961,19729.34961,19615.94922,19729.34961,369700
07-26-23,19778.30078,19825.59961,19716.69922,19733.34961,244700
07-27-23,19659.90039,19867.55078,19603.55078,19850.90039,334900
07-28-23,19646.05078,19695.90039,19563.09961,19659.75,258700
07-31-23,19753.80078,19772.75,19597.59961,19666.34961,295100
08-01-23,19733.55078,19795.59961,19704.59961,19784,298000
08-02-23,19526.55078,19678.25,19423.55078,19655.40039,290700
08-03-23,19381.65039,19537.65039,19296.44922,19463.75,315700
08-04-23,19517,19538.84961,19436.44922,19462.80078,280800
08-07-23,19597.30078,19620.44922,19524.80078,19576.84961,216600
08-08-23,19570.84961,19634.40039,19533.09961,19627.19922,260300
08-09-23,19632.55078,19645.5,19467.5,19578.80078,266500
08-10-23,19543.09961,19623.59961,19495.40039,19605.55078,312200
08-11-23,19428.30078,19557.75,19412.75,19554.25,235500
08-14-23,19434.55078,19465.84961,19257.90039,19383.94922,243900
08-16-23,19465,19482.75,19317.19922,19369,0
08-17-23,19365.25,19461.55078,19326.25,19450.55078,268700
08-18-23,19310.15039,19373.80078,19253.59961,19301.75,256100
08-21-23,19393.59961,19425.94922,19296.30078,19320.65039,262600
08-22-23,19396.44922,19443.5,19381.30078,19417.09961,208700
08-23-23,19444,19472.05078,19366.59961,19439.19922,225200
08-24-23,19386.69922,19584.44922,19369,19535.15039,268300
08-25-23,19265.80078,19339.55078,19229.69922,19297.40039,466500
08-28-23,19306.05078,19366.84961,19249.69922,19298.34961,248200
08-29-23,19342.65039,19377.90039,19309.09961,19374.84961,307400
08-30-23,19347.44922,19452.80078,19334.75,19433.44922,233000
08-31-23,19253.80078,19388.19922,19223.65039,19375.55078,562600
09-01-23,19435.30078,19458.55078,19255.69922,19258.15039,333000
09-04-23,19528.80078,19545.15039,19432.84961,19525.05078,296800
09-05-23,19574.90039,19587.05078,19525.75,19564.65039,256800
09-06-23,19611.05078,19636.44922,19491.5,19581.19922,287600
09-07-23,19727.05078,19737,19550.05078,19598.65039,304900
09-08-23,19819.94922,19867.15039,19727.05078,19774.80078,288100
09-11-23,19996.34961,20008.15039,19865.34961,19890,248800
09-12-23,19993.19922,20110.34961,19914.65039,20110.15039,328100
09-13-23,20070,20096.90039,19944.09961,19989.5,251400
09-14-23,20103.09961,20167.65039,20043.44922,20127.94922,275100
09-15-23,20192.34961,20222.44922,20129.69922,20156.44922,438200
09-18-23,20133.30078,20195.34961,20115.69922,20155.94922,264900
09-20-23,19901.40039,20050.65039,19878.84961,19980.75,378100
09-21-23,19742.34961,19848.75,19709.94922,19840.55078,275100
09-22-23,19674.25,19798.65039,19657.5,19744.84961,246400
09-25-23,19674.55078,19734.15039,19601.55078,19678.19922,188400
09-26-23,19664.69922,19699.34961,19637.44922,19682.80078,204900
09-27-23,19716.44922,19730.69922,19554,19637.05078,203600
09-28-23,19523.55078,19766.65039,19492.09961,19761.80078,352800
09-29-23,19638.30078,19726.25,19551.05078,19581.19922,243500
10-03-23,19528.75,19623.19922,19479.65039,19622.40039,221700
10-04-23,19436.09961,19457.80078,19333.59961,19446.30078,277100
10-05-23,19545.75,19576.94922,19487.30078,19521.84961,234900
10-06-23,19653.5,19675.75,19589.40039,19621.19922,159100
10-09-23,19512.34961,19588.94922,19480.5,19539.44922,165100
10-10-23,19689.84961,19717.80078,19565.44922,19565.59961,216600
10-11-23,19811.34961,19839.19922,19756.94922,19767,213700
10-12-23,19794,19843.30078,19772.65039,19822.69922,217900
10-13-23,19751.05078,19805.40039,19635.30078,19654.55078,255000
10-16-23,19731.75,19781.30078,19691.84961,19737.25,181000
10-17-23,19811.5,19849.75,19775.65039,19843.19922,185800
10-18-23,19671.09961,19840.94922,19659.94922,19820.44922,198900
10-19-23,19624.69922,19681.80078,19512.34961,19545.19922,230300
10-20-23,19542.65039,19593.80078,19518.69922,19542.15039,198300
10-23-23,19281.75,19556.84961,19257.84961,19521.59961,176000
10-25-23,19122.15039,19347.30078,19074.15039,19286.44922,225300
10-26-23,18857.25,19041.69922,18837.84961,19027.25,300400
10-27-23,19047.25,19076.15039,18926.65039,18928.75,205200
10-30-23,19140.90039,19158.5,18940,19053.40039,180100
10-31-23,19079.59961,19233.69922,19056.44922,19232.94922,206000
11-01-23,18989.15039,19096.05078,18973.69922,19064.05078,194100
11-02-23,19133.25,19175.25,19064.15039,19120,245600
11-03-23,19230.59961,19276.25,19210.90039,19241,189500
11-06-23,19411.75,19423,19309.69922,19345.84961,180700
11-07-23,19406.69922,19423.5,19329.09961,19404.05078,198700
11-08-23,19443.5,19464.40039,19401.5,19449.59961,195000
11-09-23,19395.30078,19463.90039,19378.34961,19457.40039,208400
11-10-23,19425.34961,19451.30078,19329.44922,19351.84961,152200
11-13-23,19443.55078,19494.40039,19414.75,19486.75,189300
11-15-23,19675.44922,19693.19922,19579.65039,19651.40039,291500
11-16-23,19765.19922,19875.25,19627,19674.69922,282700
11-17-23,19731.80078,19806,19667.44922,19674.75,236800
11-20-23,19694,19756.44922,19670.5,19731.15039,173800
11-21-23,19783.40039,19829.09961,19754.05078,19770.90039,195000
11-22-23,19811.84961,19825.55078,19703.84961,19784,184500
11-23-23,19802,19875.15039,19786.75,19828.44922,170000
11-24-23,19794.69922,19832.84961,19768.84961,19809.59961,145900
11-28-23,19889.69922,19916.84961,19800,19844.65039,229600
11-29-23,20096.59961,20104.65039,19956.30078,19976.55078,236200
11-30-23,20133.15039,20158.69922,20015.84961,20108.5,486600
12-01-23,20267.90039,20291.55078,20183.69922,20194.09961,265800
12-04-23,20686.80078,20702.65039,20507.75,20601.94922,381100
12-05-23,20855.09961,20864.05078,20711.15039,20808.90039,421000
12-06-23,20937.69922,20961.94922,20852.15039,20950.75,359200
12-07-23,20901.15039,20941.25,20850.80078,20932.40039,275000
12-08-23,20969.40039,21006.09961,20862.69922,20934.09961,292400
12-11-23,20997.09961,21026.09961,20923.69922,20965.30078,212900
12-12-23,20906.40039,21037.90039,20867.15039,21018.55078,244900
12-13-23,20926.34961,20950,20769.5,20929.75,260300
12-14-23,21182.69922,21210.90039,21074.44922,21110.40039,334400
12-15-23,21456.65039,21492.30078,21235.30078,21287.44922,508800
12-18-23,21418.65039,21482.80078,21365.34961,21434.80078,249700
12-19-23,21453.09961,21505.05078,21337.75,21477.65039,249800
12-20-23,21150.15039,21593,21087.34961,21543.5,363900
12-21-23,21255.05078,21288.34961,20976.80078,21033.94922,277500
12-22-23,21349.40039,21390.5,21232.44922,21295.84961,284700
12-26-23,21441.34961,21477.15039,21329.44922,21365.19922,219500
12-27-23,21654.75,21675.75,21495.80078,21497.65039,256500
12-28-23,21778.69922,21801.44922,21678,21715,393100
12-29-23,21731.40039,21770.30078,21676.90039,21737.65039,270900
01-01-24,21741.90039,21834.34961,21680.84961,21727.75,154000
01-02-24,21665.80078,21755.59961,21555.65039,21751.34961,263700
01-03-24,21517.34961,21677,21500.34961,21661.09961,311900
01-04-24,21658.59961,21685.65039,21564.55078,21605.80078,339200
01-05-24,21710.80078,21749.59961,21629.19922,21705.75,309300
01-08-24,21513,21763.94922,21492.90039,21747.59961,231500
01-09-24,21544.84961,21724.44922,21517.84961,21653.59961,228600
01-10-24,21618.69922,21641.84961,21448.65039,21529.30078,217000
01-11-24,21647.19922,21726.5,21593.75,21688,212500
01-12-24,21894.55078,21928.25,21715.15039,21773.55078,294700
01-15-24,22097.44922,22115.55078,21963.55078,22053.15039,345500
01-16-24,22032.30078,22124.15039,21969.80078,22080.5,292400
01-17-24,21571.94922,21851.5,21550.44922,21647.25,456000
01-18-24,21462.25,21539.40039,21285.55078,21414.19922,387300
01-19-24,21622.40039,21670.59961,21575,21615.19922,343100
01-23-24,21238.80078,21750.25,21192.59961,21716.69922,449700
01-24-24,21453.94922,21482.34961,21137.19922,21185.25,407500
01-25-24,21352.59961,21459,21247.05078,21454.59961,418100
01-29-24,21737.59961,21763.25,21429.59961,21433.09961,376700
01-30-24,21522.09961,21813.05078,21501.80078,21775.75,375100
01-31-24,21725.69922,21741.34961,21448.84961,21487.25,410600
02-01-24,21697.44922,21832.94922,21658.75,21780.65039,332500
02-02-24,21853.80078,22126.80078,21805.55078,21812.75,442800
02-05-24,21771.69922,21964.30078,21726.94922,21921.05078,440800
02-06-24,21929.40039,21951.40039,21737.55078,21825.19922,371000
02-07-24,21930.5,22053.30078,21860.15039,22045.05078,346300
02-08-24,21717.94922,22011.05078,21665.30078,22009.65039,491100
02-09-24,21782.5,21804.44922,21629.90039,21727,349200
02-12-24,21616.05078,21831.69922,21574.75,21800.80078,287400
02-13-24,21743.25,21766.80078,21543.34961,21664.30078,365800
02-14-24,21840.05078,21870.84961,21530.19922,21578.15039,359100
02-15-24,21910.75,21953.84961,21794.80078,21906.55078,345400
02-16-24,22040.69922,22068.65039,21968.94922,22020.30078,343900
02-19-24,22122.25,22186.65039,22021.05078,22103.44922,0
02-20-24,22196.94922,22215.59961,22045.84961,22099.19922,295700
02-21-24,22055.05078,22249.40039,21997.94922,22248.84961,364500
02-22-24,22217.44922,22252.5,21875.25,22081.55078,343500
02-23-24,22212.69922,22297.5,22186.09961,22290,226000
02-26-24,22122.05078,22202.15039,22075.15039,22169.19922,207800
02-27-24,22198.34961,22218.25,22085.65039,22090.19922,252200
02-28-24,21951.15039,22229.15039,21915.84961,22214.09961,203000
02-29-24,21982.80078,22060.55078,21860.65039,21935.19922,360200
03-01-24,22338.75,22353.30078,22047.75,22048.30078,351500
03-04-24,22405.59961,22440.90039,22358.30078,22403.5,298800
03-05-24,22356.30078,22416.90039,22269.15039,22371.25,296200
03-06-24,22474.05078,22497.19922,22224.34961,22327.5,312300
03-07-24,22493.55078,22525.65039,22430,22505.30078,379900
03-11-24,22332.65039,22526.59961,22307.25,22517.5,277900
03-12-24,22335.69922,22452.55078,22256,22334.44922,299200
03-13-24,21997.69922,22446.75,21905.65039,22432.19922,493300
03-14-24,22146.65039,22204.59961,21917.5,21982.55078,426700
03-15-24,22023.34961,22120.90039,21931.69922,22064.84961,661500
03-18-24,22055.69922,22123.69922,21916.55078,21990.09961,356300
03-19-24,21817.44922,21978.30078,21793.09961,21946.44922,344200
03-20-24,21839.09961,21930.90039,21710.19922,21843.90039,312400
03-21-24,22011.94922,22080.94922,21941.30078,21989.90039,353200
03-22-24,22096.75,22180.69922,21883.30078,21932.19922,388700
03-26-24,22004.69922,22073.19922,21947.55078,21947.90039,328400
03-27-24,22123.65039,22193.59961,22052.84961,22053.94922,409100
03-28-24,22326.90039,22516,22163.59961,22163.59961,410500
04-01-24,22462,22529.94922,22427.75,22455,0
04-02-24,22453.30078,22497.59961,22388.15039,22458.80078,289500
04-03-24,22434.65039,22521.09961,22346.5,22385.69922,309600
04-04-24,22514.65039,22619,22303.80078,22592.09961,401000
04-05-24,22513.69922,22537.59961,22427.59961,22486.40039,242200
04-08-24,22666.30078,22697.30078,22550.34961,22578.34961,227600
04-09-24,22642.75,22768.40039,22612.25,22765.09961,232400
04-10-24,22753.80078,22775.69922,22673.69922,22720.25,276800
04-12-24,22519.40039,22726.44922,22503.75,22677.40039,357200
04-15-24,22272.5,22427.44922,22259.55078,22339.05078,355500
04-16-24,22147.90039,22213.75,22079.44922,22125.30078,317300
04-18-24,21995.84961,22326.5,21961.69922,22212.34961,456900
04-19-24,22147,22179.55078,21777.65039,21861.5,362500
04-22-24,22336.40039,22375.65039,22198.15039,22336.90039,279300
04-23-24,22368,22447.55078,22349.44922,22447.05078,231500
04-24-24,22402.40039,22476.44922,22384,22421.55078,235900
04-25-24,22570.34961,22625.94922,22305.25,22316.90039,475000
04-26-24,22419.94922,22620.40039,22385.55078,22620.40039,329900
04-29-24,22643.40039,22655.80078,22441.90039,22475.55078,292000
04-30-24,22604.84961,22783.34961,22568.40039,22679.65039,361900
05-02-24,22648.19922,22710.5,22567.84961,22567.84961,445900
05-03-24,22475.84961,22794.69922,22348.05078,22766.34961,438100
05-06-24,22442.69922,22588.80078,22409.44922,22561.59961,320300
05-07-24,22302.5,22499.05078,22232.05078,22489.75,297800
05-08-24,22302.5,22368.65039,22185.19922,22231.19922,277400
05-09-24,21957.5,22307.75,21932.40039,22224.80078,331300
05-10-24,22055.19922,22131.30078,21950.30078,21990.94922,265800
05-13-24,22104.05078,22131.65039,21821.05078,22027.94922,278200
05-14-24,22217.84961,22270.05078,22081.25,22112.90039,230200
05-15-24,22200.55078,22297.55078,22151.75,22255.59961,231900
05-16-24,22403.84961,22432.25,22054.55078,22319.19922,368900
05-17-24,22466.09961,22502.15039,22345.65039,22415.25,242700
05-21-24,22529.05078,22591.09961,22404.55078,22404.55078,347600
05-22-24,22597.80078,22629.5,22483.15039,22576.59961,290300
05-23-24,22967.65039,22993.59961,22577.44922,22614.09961,369800
05-24-24,22957.09961,23026.40039,22908,22930.75,261900
05-27-24,22932.44922,23110.80078,22871.19922,23038.94922,260000
05-28-24,22888.15039,22998.55078,22858.5,22977.15039,217900
05-29-24,22704.69922,22825.5,22685.44922,22762.75,269900
05-30-24,22488.65039,22705.75,22417,22617.44922,373400
05-31-24,22530.69922,22653.75,22465.09961,22568.09961,572100
06-03-24,23263.90039,23338.69922,23062.30078,23337.90039,569400
06-04-24,21884.5,23179.5,21281.44922,23179.5,1006100
06-05-24,22620.34961,22670.40039,21791.94922,22128.34961,638500
06-06-24,22821.40039,22910.15039,22642.59961,22798.59961,480400
06-07-24,23290.15039,23320.19922,22789.05078,22821.84961,473600
06-10-24,23259.19922,23411.90039,23227.15039,23319.15039,304400
06-11-24,23264.84961,23389.44922,23206.65039,23283.75,305200
06-12-24,23322.94922,23441.94922,23295.94922,23344.44922,295600
06-13-24,23398.90039,23481.05078,23353.90039,23480.94922,268300
06-14-24,23465.59961,23490.40039,23334.25,23464.94922,223100
06-18-24,23557.90039,23579.05078,23499.69922,23570.80078,272200
06-19-24,23516,23664,23412.90039,23629.84961,328800
06-20-24,23567,23624,23442.59961,23586.15039,280300
06-21-24,23501.09961,23667.09961,23398.19922,23661.15039,609900
06-24-24,23537.84961,23558.09961,23350,23382.30078,239400
06-25-24,23721.30078,23754.15039,23562.05078,23577.09961,298100
06-26-24,23868.80078,23889.90039,23670.44922,23723.09961,287800
06-27-24,24044.5,24087.44922,23805.40039,23881.55078,515200
06-28-24,24010.59961,24174,23985.80078,24085.90039,354800
07-01-24,24141.94922,24164,23992.69922,23992.94922,0
07-02-24,24123.84961,24236.34961,24056.40039,24228.75,0
07-03-24,24286.5,24309.15039,24207.09961,24291.75,0
07-04-24,24302.15039,24401,24281,24369.94922,251200
07-05-24,24323.84961,24363,24168.84961,24213.34961,298400
07-08-24,24320.55078,24344.59961,24240.55078,24329.44922,266300
07-09-24,24433.19922,24443.59961,24331.90039,24351,250500
07-10-24,24324.44922,24461.05078,24141.80078,24459.84961,292300
07-11-24,24315.94922,24402.65039,24193.75,24396.55078,306400
07-12-24,24502.15039,24592.19922,24331.15039,24387.94922,325800
07-15-24,24586.69922,24635.05078,24522.75,24587.59961,305400
07-16-24,24613,24661.25,24587.65039,24615.90039,283200
07-18-24,24800.84961,24837.75,24504.44922,24543.80078,350900
07-19-24,24530.90039,24854.80078,24508.15039,24853.80078,343800
07-22-24,24509.25,24595.19922,24362.30078,24445.75,324200
07-23-24,24479.05078,24582.55078,24074.19922,24568.90039,436400
07-24-24,24413.5,24504.25,24307.25,24444.94922,366600
07-25-24,24406.09961,24426.15039,24210.80078,24230.94922,391800
07-26-24,24834.84961,24861.15039,24410.90039,24423.34961,383800
07-29-24,24836.09961,24999.75,24774.59961,24943.30078,355000
07-30-24,24857.30078,24971.75,24798.65039,24839.40039,385000
07-31-24,24951.15039,24984.59961,24856.5,24886.69922,333600
08-01-24,25010.90039,25078.30078,24956.40039,25030.94922,431300
08-02-24,24717.69922,24851.90039,24686.84961,24789,345000
08-05-24,24055.59961,24350.05078,23893.69922,24302.84961,487000
08-06-24,23992.55078,24382.59961,23960.40039,24189.84961,312300
08-07-24,24297.5,24337.69922,24184.90039,24289.40039,317600
08-08-24,24117,24340.5,24079.69922,24248.55078,311900
08-09-24,24367.5,24419.75,24311.19922,24386.84961,215100
08-12-24,24347,24472.80078,24212.09961,24320.05078,279900
08-13-24,24139,24359.94922,24116.5,24342.34961,239700
08-14-24,24143.75,24196.5,24099.69922,24184.40039,303300
08-16-24,24541.15039,24563.90039,24204.5,24334.84961,271600
08-19-24,24572.65039,24638.80078,24522.94922,24636.34961,243600
08-20-24,24698.84961,24734.30078,24607.19922,24648.90039,238300
08-21-24,24770.19922,24787.94922,24654.5,24680.55078,257100
08-22-24,24811.5,24867.34961,24784.44922,24863.40039,220300
08-23-24,24823.15039,24858.40039,24771.65039,24845.40039,206800
08-26-24,25010.59961,25043.80078,24874.69922,24906.09961,210300
08-27-24,25017.75,25073.09961,24973.65039,25024.80078,223300
08-28-24,25052.34961,25129.59961,24964.65039,25030.80078,220400
08-29-24,25151.94922,25192.90039,24998.5,25035.30078,354000
08-30-24,25235.90039,25268.34961,25199.40039,25249.69922,638200
09-02-24,25278.69922,25333.65039,25235.5,25333.59961,222800
09-03-24,25279.84961,25321.69922,25235.80078,25313.40039,212100
09-04-24,25198.69922,25216,25083.80078,25089.94922,253800
09-05-24,25145.09961,25275.44922,25127.75,25250.5,222200
09-06-24,24852.15039,25168.75,24801.30078,25093.69922,311700
09-09-24,24936.40039,24957.5,24753.15039,24823.40039,254400
09-10-24,25041.09961,25130.5,24896.80078,24999.40039,251300
09-11-24,24918.44922,25113.69922,24885.15039,25034,279200
09-12-24,25388.90039,25433.34961,24941.44922,25059.65039,380100
09-13-24,25356.5,25430.5,25292.44922,25430.44922,250800
09-16-24,25383.75,25445.69922,25336.19922,25406.65039,168700
09-17-24,25418.55078,25441.65039,25352.25,25416.90039,216000
09-18-24,25377.55078,25482.19922,25285.55078,25402.40039,215700
09-19-24,25415.80078,25611.94922,25376.05078,25487.05078,314500
09-20-24,25790.94922,25849.25,25426.59961,25525.94922,533100
09-23-24,25939.05078,25956,25847.34961,25872.55078,209200
09-24-24,25940.40039,26011.55078,25886.84961,25921.44922,384100
09-25-24,26004.15039,26032.80078,25871.34961,25899.44922,278500
09-26-24,26216.05078,26250.90039,25998.40039,26005.40039,370900
09-27-24,26178.94922,26277.34961,26151.40039,26248.25,490300
09-30-24,25810.84961,26134.69922,25794.09961,26061.30078,343100
10-01-24,25796.90039,25907.59961,25739.19922,25788.44922,247400
10-03-24,25250.09961,25639.44922,25230.30078,25452.84961,423400
10-04-24,25014.59961,25485.05078,24966.80078,25181.90039,374900
10-07-24,24795.75,25143,24694.34961,25084.09961,374300
10-08-24,25013.15039,25044,24756.80078,24832.19922,333200
10-09-24,24981.94922,25234.05078,24947.69922,25065.80078,290600
10-10-24,24998.44922,25134.05078,24979.40039,25067.05078,261400
10-11-24,24964.25,25028.65039,24920.05078,24985.30078,210500
10-14-24,25127.94922,25159.75,25017.5,25023.44922,206400
10-15-24,25057.34961,25212.05078,25008.15039,25186.30078,257200
10-16-24,24971.30078,25093.40039,24908.44922,25008.55078,226800
10-17-24,24749.84961,25029.5,24728.90039,25027.40039,252800
10-18-24,24854.05078,24886.19922,24567.65039,24664.94922,290900
10-21-24,24781.09961,24978.30078,24679.59961,24956.15039,242000
10-22-24,24472.09961,24882,24445.80078,24798.65039,279500
10-23-24,24435.5,24604.25,24378.09961,24378.15039,284600
10-24-24,24399.40039,24480.65039,24341.19922,24412.69922,216700
10-25-24,24180.80078,24440.25,24073.90039,24418.05078,372600
10-28-24,24339.15039,24492.59961,24134.90039,24251.09961,278600
10-29-24,24466.84961,24484.5,24140.84961,24328.84961,332000
10-30-24,24340.84961,24498.19922,24307.30078,24371.44922,285200
10-31-24,24205.34961,24372.44922,24172.59961,24349.84961,287000
11-01-24,24304.34961,24368.25,24280.19922,24302.75,38800
11-04-24,23995.34961,24316.75,23816.15039,24315.75,285500
11-05-24,24213.30078,24229.05078,23842.75,23916.5,289500
11-06-24,24484.05078,24537.59961,24204.05078,24308.75,351100
11-07-24,24199.34961,24503.34961,24179.05078,24489.59961,322200
11-08-24,24148.19922,24276.15039,24066.65039,24207.69922,298700
11-11-24,24141.30078,24336.80078,24004.59961,24087.25,273400
11-12-24,23883.44922,24242,23839.15039,24225.80078,255800
11-13-24,23559.05078,23873.59961,23509.59961,23822.44922,304600
11-14-24,23532.69922,23675.90039,23484.15039,23542.15039,257700
11-18-24,23453.80078,23606.80078,23350.40039,23605.30078,263300
11-19-24,23518.5,23780.65039,23464.80078,23529.55078,297500
11-21-24,23349.90039,23507.30078,23263.15039,23488.44922,420300
11-22-24,23907.25,23956.09961,23359,23411.80078,367600
11-25-24,24221.90039,24351.55078,24135.44922,24253.55078,687200
11-26-24,24194.5,24343.30078,24125.40039,24343.30078,230700
11-27-24,24274.90039,24354.55078,24145.65039,24204.80078,295000
11-28-24,23914.15039,24345.75,23873.34961,24274.15039,366700
11-29-24,24131.09961,24188.44922,23927.15039,23927.15039,282100
12-02-24,24276.05078,24301.69922,24008.65039,24140.84961,220400
12-03-24,24457.15039,24481.34961,24280,24367.5,339500
12-04-24,24467.44922,24573.19922,24366.30078,24488.75,348000
12-05-24,24708.40039,24857.75,24295.55078,24539.15039,361500
12-06-24,24677.80078,24751.05078,24620.5,24729.44922,226700
12-09-24,24619,24705,24580.05078,24633.90039,248100
12-10-24,24610.05078,24677.80078,24510.65039,24652.65039,261000
12-11-24,24641.80078,24691.75,24583.84961,24620.5,187300
12-12-24,24548.69922,24675.25,24527.94922,24604.44922,266100
12-13-24,24768.30078,24792.30078,24180.80078,24498.34961,310100
12-16-24,24668.25,24781.25,24601.75,24753.40039,187600
12-17-24,24336,24624.09961,24303.44922,24584.80078,264900
12-18-24,24198.84961,24394.44922,24149.84961,24297.94922,235300
12-19-24,23951.69922,24004.90039,23870.30078,23877.15039,271100
12-20-24,23587.5,24065.80078,23537.34961,23960.69922,442700
12-23-24,23753.44922,23869.55078,23647.19922,23738.19922,189800
12-24-24,23727.65039,23867.65039,23685.15039,23769.09961,177700
12-26-24,23750.19922,23854.5,23653.59961,23775.80078,177700
12-27-24,23813.40039,23938.84961,23800.59961,23801.40039,176800
12-30-24,23644.90039,23915.34961,23599.30078,23796.90039,364900
12-31-24,23644.80078,23689.84961,23460.44922,23560.59961,193600
01-01-25,23742.90039,23822.80078,23562.80078,23637.65039,154900
01-02-25,24188.65039,24226.69922,23751.55078,23783,283200
01-03-25,24004.75,24196.44922,23976,24196.40039,312300
01-06-25,23616.05078,24089.94922,23551.90039,24045.80078,278100
01-07-25,23707.90039,23795.19922,23637.80078,23679.90039,262300
01-08-25,23688.94922,23751.84961,23496.15039,23746.65039,266400
01-09-25,23526.5,23689.5,23503.05078,23674.75,269200
01-10-25,23431.5,23596.59961,23344.34961,23551.90039,261000
01-13-25,23085.94922,23340.94922,23047.25,23195.40039,316500
01-14-25,23176.05078,23264.94922,23134.15039,23165.90039,311200
01-15-25,23213.19922,23293.65039,23146.44922,23250.44922,228000
01-16-25,23311.80078,23391.65039,23272.05078,23377.25,299400
01-17-25,23203.19922,23292.09961,23100.34961,23277.09961,272900
01-20-25,23344.75,23391.09961,23170.65039,23290.40039,301500
01-21-25,23024.65039,23426.30078,22976.84961,23421.65039,312900
01-22-25,23155.34961,23169.55078,22981.30078,23099.15039,276000
01-23-25,23205.34961,23270.80078,23090.65039,23128.30078,275600
01-24-25,23092.19922,23347.30078,23050,23183.90039,264300
01-27-25,22829.15039,23007.44922,22786.90039,22940.15039,257400
01-28-25,22957.25,23137.94922,22857.65039,22960.44922,361900
01-29-25,23163.09961,23183.34961,22976.5,23026.75,226300
01-30-25,23249.5,23322.05078,23139.19922,23169.5,361900
01-31-25,23508.40039,23546.80078,23277.40039,23296.75,304900
02-03-25,23361.05078,23381.59961,23222,23319.34961,329700
02-04-25,23739.25,23762.75,23423.15039,23509.90039,376700
02-05-25,23696.30078,23807.30078,23680.44922,23801.75,267000
02-06-25,23603.34961,23773.55078,23556.25,23761.94922,307000
02-07-25,23559.94922,23694.5,23443.19922,23649.5,368100
02-10-25,23381.59961,23568.59961,23316.30078,23543.80078,234200
02-11-25,23071.80078,23390.05078,22986.65039,23383.55078,268000
02-12-25,23045.25,23144.69922,22798.34961,23050.80078,279700
02-13-25,23031.40039,23235.5,22992.19922,23055.75,265700
02-14-25,22929.25,23133.69922,22774.84961,23096.44922,254500
02-17-25,22959.5,22974.19922,22725.44922,22809.90039,207400
02-18-25,22945.30078,22992.5,22801.5,22963.65039,210600
02-19-25,22932.90039,23049.94922,22814.84961,22847.25,207000
02-20-25,22913.15039,22923.84961,22812.75,22821.09961,240800
02-21-25,22795.90039,22921,22720.30078,22857.19922,242800
02-24-25,22553.34961,22668.05078,22518.80078,22609.34961,214300
02-25-25,22547.55078,22625.30078,22513.90039,22516.44922,250300
02-27-25,22545.05078,22613.30078,22508.40039,22568.94922,289200
02-28-25,22124.69922,22450.34961,22104.84961,22433.40039,551300
03-03-25,22119.30078,22261.55078,22004.69922,22194.55078,282400
03-04-25,22082.65039,22105.05078,21964.59961,21974.44922,253300
03-05-25,22337.30078,22394.90039,22067.80078,22073.05078,305900
03-06-25,22544.69922,22556.44922,22245.84961,22476.34961,372100
03-07-25,22552.5,22633.80078,22464.75,22508.65039,289800
03-10-25,22460.30078,22676.75,22429.05078,22521.84961,293900
03-11-25,22497.90039,22522.09961,22314.69922,22345.94922,347900
03-12-25,22470.5,22577.40039,22329.55078,22536.34961,369700
03-13-25,22397.19922,22558.05078,22377.34961,22541.5,287500
03-17-25,22508.75,22577,22353.15039,22353.15039,251100
03-18-25,22834.30078,22857.80078,22599.19922,22662.25,272600
03-19-25,22907.59961,22940.69922,22807.94922,22874.94922,324000
03-20-25,23190.65039,23216.69922,22973.94922,23036.59961,313700
03-21-25,23350.40039,23402.69922,23132.80078,23168.25,541000
03-24-25,23658.34961,23708.75,23433.5,23515.40039,311900
03-25-25,23668.65039,23869.59961,23601.40039,23751.5,338200
03-26-25,23486.84961,23736.5,23451.69922,23700.94922,278600
03-27-25,23591.94922,23646.44922,23412.19922,23433.94922,510300
03-28-25,23519.34961,23649.19922,23450.19922,23600.40039,295400
04-01-25,23165.69922,23565.15039,23136.40039,23341.09961,314300
04-02-25,23332.34961,23350,23158.44922,23192.59961,341000
04-03-25,23250.09961,23306.5,23145.80078,23150.30078,283200
04-04-25,22904.44922,23214.69922,22857.44922,23190.40039,466800
04-07-25,22161.59961,22254,21743.65039,21758.40039,647100
04-08-25,22535.84961,22697.19922,22270.84961,22446.75,468300
04-09-25,22399.15039,22468.69922,22353.25,22460.30078,383800
04-11-25,22828.55078,22923.90039,22695.40039,22695.40039,402200
04-15-25,23328.55078,23368.34961,23207,23368.34961,388300
04-16-25,23437.19922,23452.19922,23273.05078,23344.09961,348400
04-17-25,23851.65039,23872.34961,23298.55078,23401.84961,505300
04-21-25,24125.55078,24189.55078,23903.65039,23949.15039,406100
04-22-25,24167.25,24242.59961,24072,24185.40039,440900
04-23-25,24328.94922,24359.30078,24119.94922,24357.59961,415000
04-24-25,24246.69922,24347.84961,24216.15039,24277.90039,358800
04-25-25,24039.34961,24365.44922,23847.84961,24289,387700
04-28-25,24328.5,24355.09961,24054.05078,24070.25,320500
04-29-25,24335.94922,24457.65039,24290.75,24370.69922,357600
04-30-25,24334.19922,24396.15039,24198.75,24342.05078,424500
05-02-25,24346.69922,24589.15039,24238.5,24311.90039,421100
05-05-25,24461.15039,24526.40039,24400.65039,24419.5,291500
05-06-25,24379.59961,24509.65039,24331.80078,24500.75,302400
05-07-25,24414.40039,24449.59961,24220,24233.30078,330100
05-08-25,24273.80078,24447.25,24150.19922,24431.5,411400
05-09-25,24008,24164.25,23935.75,23935.75,335600
05-12-25,24924.69922,24944.80078,24378.84961,24420.09961,368700
05-13-25,24578.34961,24973.80078,24547.5,24864.05078,423000
05-14-25,24666.90039,24767.55078,24535.55078,24613.80078,345500
05-15-25,25062.09961,25116.25,24494.44922,24694.44922,500800
05-16-25,25019.80078,25070,24953.05078,25064.65039,432700
05-19-25,24945.44922,25062.94922,24916.65039,25005.34961,255300
05-20-25,24683.90039,25010.34961,24669.69922,24996.19922,414800
05-21-25,24813.44922,24946.19922,24685.34961,24744.25,332700
05-22-25,24609.69922,24737.5,24462.40039,24733.94922,403300
05-23-25,24853.15039,24909.05078,24614.05078,24639.5,270500
05-26-25,25001.15039,25079.19922,24900.5,24919.34961,302800
05-27-25,24826.19922,25062.90039,24704.09961,24956.65039,525700
05-28-25,24752.44922,24864.25,24737.05078,24832.5,684400
05-29-25,24833.59961,24892.59961,24677.30078,24825.09961,345400
05-30-25,24750.69922,24863.94922,24717.40039,24812.59961,853900
06-02-25,24716.59961,24754.40039,24526.15039,24669.69922,311100
06-03-25,24542.5,24845.09961,24502.15039,24786.30078,349300
06-04-25,24620.19922,24644.25,24530.44922,24560.44922,280900
06-05-25,24750.90039,24899.84961,24613.09961,24691.19922,388400
06-06-25,25003.05078,25029.5,24671.44922,24748.69922,335600
06-09-25,25103.19922,25160.09961,25077.15039,25160.09961,279200
06-10-25,25104.25,25199.30078,25055.44922,25196.05078,307300
06-11-25,25141.40039,25222.40039,25081.30078,25134.15039,301200
06-12-25,24888.19922,25196.19922,24825.90039,25164.44922,328300
06-13-25,24718.59961,24754.34961,24473,24473,318700
06-16-25,24946.5,24967.09961,24703.59961,24732.34961,305800
06-17-25,24853.40039,24982.05078,24813.69922,24977.84961,242400
06-18-25,24812.05078,24947.55078,24750.44922,24788.34961,237600
06-19-25,24793.25,24863.09961,24733.40039,24803.25,274600
06-20-25,25112.40039,25136.19922,24783.65039,24787.65039,574700
06-23-25,24971.90039,25057,24824.84961,24939.75,248500
06-24-25,25044.34961,25317.69922,24999.69922,25179.90039,450200
06-25-25,25244.75,25266.80078,25125.05078,25150.34961,260600
06-26-25,25549,25565.30078,25259.90039,25268.94922,428900
06-27-25,25637.80078,25654.19922,25523.55078,25576.65039,564000
06-30-25,25517.05078,25669.34961,25473.30078,25661.65039,271000
07-01-25,25541.80078,25593.40039,25501.80078,25551.34961,260700
07-02-25,25453.40039,25608.09961,25378.75,25588.30078,309800
07-03-25,25405.30078,25587.5,25384.34961,25505.09961,293400
07-04-25,25461,25470.25,25331.65039,25428.84961,193500